Vaccination_sites,Address,Latitude,Longitude
Abarilela Health Centre III,Uganda,1.962,33.8182
Abim hospital,"MMX5+H3H, Abim, Uganda",2.6989323,33.6577243
Adjumani Hospital,"9QFV+M2X, Adjumani, Uganda",3.3742416,31.7925959
Aduku Health Centre  IV,"Aduku, Uganda",2.0183543,32.720961
Agwata Health Centre  III,"X2JX+8PC, Adwoki, Uganda",1.9808136,33.0492675
AJIA Health Centre III,"Ajia, Uganda",2.9190999,31.0272
Akalo Health Centre  III,Uganda,2.125,32.816
Aketa Health Centre  III,"4X72+2CW, Aketa, Uganda",2.1126169,33.9510798
Alakas Health Centre  II,Uganda,1.8594,34.9968999
Alebtong Health Centre IV,"766P+9GC, Uganda",2.2609452,33.236253
Alerek Health Centre III,Uganda,2.7832,31.9264
Alero Health Centre  III,Uganda,2.729,32.062
Aliba Health Centre  III,"5GVG+FJG, Uganda",3.1936888,31.5265685
Amai Hospital,"QWPF+43J, Aputi, Uganda",1.7853319,32.9226354
Amaler Health Centre  III,Uganda,1.633,34.411
Amolatar Health Centre  IV,"JRQV+2H3, Agwingiri, Uganda",1.637506,32.8439176
Amudat General Hospital,"Amudat, Uganda",1.9534181,34.9437716
Amuria general hospital,"Amuria, Uganda",2.03017,33.6427533
Angal St. Luke hospital,Uganda,2.4085792,31.1935437
Anyara Health Centre  III,Uganda,1.984,33.361
Apac Hospital,"Apac, Uganda",1.9850906,32.5344456
Apala Health Centre III,"Apala, Uganda",2.404,33.0409999
Apapai Health Centre  III,Uganda,1.901,33.395
Apapai Health Centre  IV,Uganda,1.53,33.2909999
Apopong Health Centre  III,Uganda,1.217,33.675
Aputi Health Centre III,"PWF7+7FR, Aputi, Uganda",1.7232277,32.9136312
Atangwata Health Centre III,"GCF7+5WR, Ataparaolam, Uganda",2.5229756,33.4147561
Atiak Health Centre  IV,"Atiak, Uganda",3.256846,32.1220856
Atutur Hospital,"Apokin, Uganda",1.40971,33.9908408
Ayipe Health Centre  III,Uganda,3.5545,30.9207
BAITAMBOGWE Health Centre  III,Uganda,0.55,33.4
Banda Health Centre  III,Uganda,0.2453,33.8711
Bata Health Centre  III,Uganda,2.08,33.165
Bbaale Health Centre  IV,"4V4P+57H, Bbaale, Uganda",1.105435,32.8857369
Bigodi Health Centre  III,Uganda,0.452,30.401
Bihanga Health Centre  III,Uganda,-1.2833,29.6667
Bileafe Health Centre  III,Uganda,3.1062,31.0847
Bitereko Health Centre  III,"Bitereko, Uganda",-0.566667,29.983333
Bobi Health Centre III,"Bobi Health Centre III, Lira - Gulu Rd, Palenga, Uganda",2.5766644,32.3530847
Bondo Health Centre III,"RXHW+686, Bondo, Uganda",2.8280313,30.9957646
Bubaale Health Centre  III,"QX5P+669, Kabale, Uganda",-1.241956,29.9856157
Bubeke Health Centre  III,Uganda,-0.3236,32.585
Bubulo,"Bubulo, Uganda",0.9481283,34.272721
Bubutu Health Centre  III,Uganda,0.809,34.313
Budadiri Health Centre  IV,"Budadiri, Uganda",1.1711177,34.3324244
Budaka Health Centre  IV,Uganda,0.25,33.0167
Bududa Hospital,"285M+M4C, Bududa, Uganda",1.009185,34.3327713
Bufumira Health Centre  III,Uganda,-0.4097,32.5053
Bufunda Health Centre  III,"Ibanda, Uganda",-0.135,30.491
Bufundi Health Centre  III,Uganda,-1.301,29.867
Bugambe Health Centre  III,Uganda,1.4358,31.2355
Bugangari Health Centre  IV,"Bugangari, Uganda",-0.716667,29.85
Bugembe Health Centre  III,"Bugembe Health Centre, Bugembe, Uganda",0.4646119,33.2372023
Buginyanya Health Centre  III,"79G8+GJ2, Bumwambu, Uganda",1.2762547,34.3665218
Bugiri Hospital,"Bugiri, Uganda",0.5671365,33.7461847
Bugongi Health Centre  III,"Bugongi, Uganda",-0.6333331,30.25
Buhimba Health Centre  III,Uganda,1.373,31.291
Buikwe Health Centre  III,"82VG+MGP, Unnamed Road, Buikwe, Uganda",0.3442162,33.02634
Bujubuli Health Centre  III,Uganda,0.38,31.053
Bukalasi Health Centre III,"2958+WGP, Kufu, Uganda",1.0098316,34.3663394
Bukedea Health Centre  IV,"82HV+G2C, Bukedea, Uganda",1.3288124,34.042511
Bukinda Health Centre  III,Uganda,-1.207,30.118
Bukomera Health Centre  IV,Uganda,0.6909,32.0317999
Bukoova Health Centre  III,Uganda,0.875,33.3459999
Bukuuku Health Center IV,"Bukuuku, Uganda",0.6551639,30.1993381
Bukwa Health Centre  IV,"Bukwo, Uganda",1.2938,34.7396699
Bukwo Hospital,"Bukwo, Uganda",1.2938,34.7396699
Bulangira Health Centre  III,"Bulangira, Uganda",1.1332863,33.8815901
Bulegeni Health Centre  III,Uganda,1.2885,34.3326
BULESA Health Centre  III,Uganda,0.4746,33.8191
Buliisa Hospital,Uganda,-1.1474,30.178
Bulisa Health Centre  IV,"Bulisa, Uganda",2.1127266,31.417046
Bulo Health Centre  III,Uganda,0.0857,31.9811
Bulucheke Health Centre III,Uganda,1.0333,34.3833
Buluganya Health Centre  III,Uganda,1.2039,34.4013
Bululu Health Centre  III,Uganda,1.719,33.313
Bulumbi Health Centre  III,"Kisumu - Busia Rd, Uganda",0.4998472,33.985202
BUMANYA Health Centre  IV,"Bumanya, Uganda",1,33.4833336
Bumbo Health Centre  III,Uganda,0.874,34.4129999
Bunambutye Health Centre  III,Uganda,1.4,34.35
Bunaseke  Health Centre  III,Uganda,1.1751,34.3842
Bundibugyo hospital,"Bundibugyo, Uganda",0.707531,30.0636349
Bungokho Mutoto Health Centre  III,"Bungokho Mutoto, Uganda",1.0541224,34.2143676
Bupoto Health Centre  III,Uganda,0.9,34.331
Buremba Health Centre  III,Uganda,0.111,30.711
Burunga Health Centre  III,Uganda,0.139,30.956
Busabi Health Centre  III,"Busabi, Uganda",0.7667998,33.8760103
Busamuzi Health Centre  III,"Busamuzi, Uganda",0.2427778,33.2574997
Busanza Health Centre  IV,Uganda,-1.217,29.632
BUSEMBATYA Health Centre III,"Busembatia, Uganda",0.775995,33.6259699
Buseruka Health Centre  lll,"Buseruka, Uganda",1.5486,31.1355
BUSESA Health Centre  IV,"12 Main St, Jinja, Uganda",0.4267503,33.2086817
Buseta Health Centre  III,"3QH3+V24, Buseta, Uganda",1.0796325,33.7525856
Bushenyi Health Centre  IV,"Bushenyi, Uganda",-0.5423774,30.1964522
Bushika Health Centre  III,Uganda,1.0497,34.3429
Busiu Health Centre  IV,Uganda,0.92,34.142
Busolwe Hospital,"Busolwe, Uganda",0.8426915,33.9248222
Busowobi Health Centre  III,"JG6M+3GF, Nakalama, Uganda",0.6101994,33.5338047
Butabika Hospital,"plot 2 Kirombe-Butabika road, Kampala, Uganda",0.3147806,32.6577281
Butandiga  Health Centre  III,Uganda,1.2,34.3667
Butiiti Health Centre  III,"Butiiti, Uganda",0.6365536,30.5336665
Butiru,"Butiru, Uganda",0.8212321,34.2949409
Butoolo Health Centre  III,Uganda,0.112,32.211
Butyaba Health Centre  III,"Butiaba, Uganda",1.815151,31.324287
Buwama Health Centre  III,Uganda,0.046,32.091
Buwambo  Health Centre  III,"Buwambo, Uganda",0.5015312,32.5464662
Buwasa Health Centre  IV,Uganda,1.168,34.279
Buwenge Health Centre  III,"J5WF+V3W, Buwenge, Uganda",0.6472448,33.1726982
Buwunga Health Centre III,Uganda,-0.3728,31.7931
Buyende Health Centre  III,"5546+JFQ, Buyende, Uganda",1.1565797,33.1612229
Buyinja Health Centre  IV,Uganda,0.356,33.8489999
Bwera Health Centre  IV,"Bwera, Uganda",0.0364501,29.7599761
Bwijanga Health Centre IV,Uganda,1.467,31.595
Bwikara Health Center III,"Bwikara, Uganda",0.9598364,30.6890055
Bwindi Community Hospital,"2JJ8+GPG, Buhoma, Uganda",-0.9686833,29.6168145
Bwizi Health Centre  III,"Bwizi, Uganda",0.4,30.7166672
Chawente Health Centre  III,Uganda,1.7913,32.6577
Cheptapoyo Health Centre  II,Uganda,1.6603,34.9459
Chesower Health Centre  III,"Chesower, Uganda",1.2920724,34.5860608
"China-Uganda Friendship Hospital, Naguru","8JH4+V84, Road, Kampala, Uganda",0.3296436,32.6058221
Cilio Health Centre  III,"Cilio, Uganda",3.1976,31.0312
Dokolo Health Centre  IV,Uganda,1.8983,33.1775
Dranya Health Centre  III,Uganda,3.3674,30.9593
Dr's Hospital Seguku,"10km Along, Kampala - Entebbe Rd, Kampala, Uganda",0.2317996,32.5520906
Dufile Health Centre  III,"HW9F+JQQ, Uganda",3.5690897,31.9244973
Dzaipi Health Centre II,"Dzaipi, Onigo, Uganda",3.4499308,31.9398952
Entebbe Grade B Hospital,"Entebbe Grade B Hospital, Entebbe, Uganda",0.0591223,32.4710492
Etam Health Centre III,"MP52+RRV, Etam, Uganda",1.6596089,32.7020502
Fortpotal Regional Referral Hospital,"M73J+X3J, Mugurusi Rd, Fort Portal, Uganda",0.6549681,30.2801456
GADUMIRE Health Centre  III,"Gadumire, Uganda",1.1166667,33.5
Galiraya Health Centre  III,Uganda,1.343,32.8
Goli Health Centre  IV,Uganda,2.433,31.056
Gombe Hospital,"54F4+MHW, Kayenje, Uganda",0.1742499,32.1064668
Gulu Regional refferal Hospital,"laro division,, Q7HX+29W, Gulu, Uganda",2.7776119,32.2984425
Gweri Health Centre  III,Uganda,1.729,33.732
Hoima Regional Referral Hospital,"C9H3+7P5, Main Stree, Hoima, Uganda",1.4281309,31.3543732
Ibuje Health Centre III,"V9XH+9J7, Ibuje, Uganda",1.8984071,32.3790586
Iganga hospital,"JF8P+F2F, Main St, Iganga, Uganda",0.6161948,33.4850604
IGOMBE Health Centre  III,"Igombe, Uganda",0.6279,33.1865
Iki-Iki Health Centre  III,Uganda,1.1043,34.0120999
Ikumbya Health Centre  III,Uganda,0.984,33.325
Iriiri Health Centre  III,"468H+Q9G, Lothaa, Uganda",2.1169334,34.2284669
Irundu Health Centre  III,Uganda,1.2343,33.3678
Ishongororo Health Centre  IV,"Ishongororo, Uganda",0.0080309,30.5624474
Itojo Hospital,Uganda,-0.803,30.293
Itula Health Centre  III,"Power events ltd, Obongi, Uganda",3.4064811,31.6099324
Jangokoro H C III,"Jangokoro, Uganda",2.3545118,30.8900839
Kaabong hospital,"G48M+98Q, Kaabong, Uganda",3.5124836,34.1336758
Kabale regional referral,"PXXQ+JPG, Kabale, Uganda",-1.250947,29.9893275
Kabarwa Health Centre III,Uganda,1.435,34.148
Kaberamaido Hospital,"Kaberamaido, Uganda",1.7642785,33.1506163
Kabira Health Centre  III,Uganda,-0.64,31.616
Kabwangasi H CIII,"Kabwangasi, Uganda",1.133333,34.116667
Kabwohe Health Centre  IV,Uganda,-0.574,30.37
Kacheri Health Centre  III,Uganda,3.1656,33.9553
Kachumbala Health Centre III,"Kachumbala, Uganda",1.2136016,34.1191145
Kadama Health Centre  III,"2V8P+MJF, Kadama, Uganda",1.016697,33.886562
Kagadi General Hospital,"Mugalike/P.O.Box 4, Kagadi, Kagadi, Uganda",0.9420515,30.808904
Kagando hospital pnfp,"Off Fort Portal-Mpondwe Road/Privatebag Fort Portal-Mpondwe Rd, Kasese, Uganda",0.0630988,29.8981414
Kajjansi Health Centre  III,"Kajjansi, Uganda",0.2070254,32.5401025
Kakasi COU Health Centre  III,Uganda,-0.091,30.323
Kakingol Health Centre  III,Uganda,2.5892,34.7426
Kakoba Health Centre  III,"P.O.Box 290 Mbarara - Masaka Rd, Mbarara, Uganda",-0.6041974,30.6820931
Kakooge Health Centre  III,Uganda,1.034,32.4709999
Kakoro Health Centre  III,"53G4+X9Q, Kakoro, Uganda",1.1774712,34.0559864
Kakumiro Health Centre  IV,"Kakumiro, Uganda",0.7808035,31.3241389
Kakuto Health Centre  IV,"4FRJ+852, Kakuto, Uganda",-0.8592376,31.4804039
Kalagala Health Centre  IV,"Kalagala, Uganda",0.6148,32.6105
Kalangala Health Centre  IV,"Kalangala, Uganda",-0.3208374,32.2937428
Kalapata Health Centre  III,"Kalapata, Uganda",3.6643,34.1899
Kaliiro Health Centre  III,Uganda,-0.2642,31.1453
Kalimon Health Centre  II,Uganda,3.6149,33.8999
Kalisizo Hospital,"FJ7F+Q33, Masaka - Kakuto Rd, Kalisizo, Uganda",-0.535624,31.6226783
Kalongo Hospital,"Kalongo, Uganda",3.0472417,33.365447
Kambuga Hospital,"5RP2+F59, Kambuga, Uganda",-0.8138458,29.80049
Kambugu Health Centre  III,"RQ4Q+43Q, Uganda",0.8053336,31.7877411
Kameke Health Centre  III,Uganda,1.274,33.7909999
Kamonkoli Health Centre  III,"Kamonkoli, Uganda",1.083333,34.1
Kamuge Health Centre  III,Uganda,1.181,33.816
Kamuli General Hospital,"W4WC+WF7, Kamuli, Uganda",0.9472929,33.1211807
Kamuli Mission Hospital,"W4JH+PC3, Kamuli, Uganda",0.9317738,33.1285624
Kamwenge Health Centre  III,Uganda,0.1805,30.4509
Kamwezi Health Centre  IV,Uganda,-1.205,30.204
Kamwokya Christian Caring Centre,"Kamwokya, Kampala, Uganda",0.3456001,32.5853469
Kangalaba Health Centre  III,"Kangalaba, Uganda",0.9125926,34.0834775
Kanginima Hospital,"Kanginima, Uganda",1.2008937,33.9917222
Kangole Health Centre  III,"CFQQ+FGM, Unnamed Road, Morulinga, Uganda",2.4387121,34.4888001
Kangulumira Health Centre  IV,Uganda,0.583,33.043
Kanungu Health Centre  IV,"Kanungu, Uganda",-0.8897256,29.7831356
Kapchorwa Hospital,"P.O Box 2, Kapchorwa, Uganda",1.4025881,34.4424471
Kapedo Health Centre  III,Uganda,3.6901,33.9433999
Kapeeka Health Centre  III,"Kapeka, Uganda",0.67935,32.2455364
Kapelebyong Health Centre  IV,Uganda,2.2785,33.7746
Kapkoloswo Health Centre  III,"6QWG+WFV, Kapnandi, Uganda",1.2473582,34.776181
Kaproron Health Centre  IV,"CJC8+PMW, Kaburoron, Uganda",1.4218729,34.6166898
Karenga Health Centre  IV,"Karenga, Uganda",3.5690813,33.6930855
Kasaali Health Centre  III,Uganda,-0.616,31.562
Kasangati Health Centre  IV,Uganda,0.4381,32.5864
Kasese  Municipal Health Centre  III,"Kasese, Uganda",0.1698986,30.078078
Kashenshero Health Centre  III,"Kashenshero Trading Centre, 5KM from Mitoma Town Council, Mitoma District, Uganda",-0.6181406,30.018425
Kashongi Health Centre  III,"Kashongi, Uganda",-0.2849999,30.645
Kashumba Health Centre  III,Uganda,-0.8672,30.9598
Katakwi Hospital,"Katakwi, Uganda",1.9141618,33.9582783
Kateta Health Centre  III,Uganda,1.4158,33.4895
Kawaala Health Centre  III,"Kawaala, Kampala, Uganda",0.3417589,32.5514155
Kawempe NRH,"Kawempe, Kampala, Uganda",0.3801717,32.5570534
Kawolo Hospital,"9W9W+53V, Kampala-Jinja Road, Lugazi, Uganda",0.3679815,32.9451668
Kayunga Hospital,"P.O Box 18069, Kayunga, Uganda",0.7030946,32.9024954
Kazinga Health Centre  III,Uganda,0.2667,30.8333
Kazo Health Centre  IV,Uganda,0.049,30.757
Kebisoni Health Centre  IV,Uganda,-0.9211,30.0367
Kerekerene Health Centre III,"Kakoro, Uganda",1.1436,34.0377
Kibaale Health Centre  IV,"Kibaale, Uganda",0.7682547,31.0776593
Kibalinga  Health Centre  III,Uganda,0.49,31.271
Kiboga Hospital,"WQ6G+JGG, Kampala-Hoima, Kiboga, Uganda",0.9114134,31.776887
Kibuku Health Centre  IV,"2RW2+W2G, Kibuku, Uganda",1.0473121,33.8000822
Kibuli Hosp,"Off Prince Badru Kakungulu Road/P.O.Box 24548 Prince Badru Kakungulu Rd, Kampala, Uganda",0.3094773,32.5954181
Kidera Health Centre  IV,Uganda,1.326,33.002
Kidongole Health Centre  III,Uganda,1.2638,33.9792
Kifampa Health Centre  III,Uganda,0.137,31.754
KIGANDALO Health Centre  IV,"Kigandalo, Uganda",0.4142974,33.6063855
Kigarama Health Centre  III,"P42H+FPQ, Kigarama, Uganda",-1.2987872,30.1293502
Kigorobya Health Centre  IV,"Kigorobya, Uganda",1.6233,31.3119
Kigumba Health Centre  III,Uganda,1.8876,31.9119
Kihihi Health Centre  IV,"7M2W+PV6, Kihihi, Uganda",-0.7482155,29.69715
Kijomoro Health Centre  III,"5W96+3J9, Alivu, Uganda",3.1676639,30.9115972
Kijunjubwa,"Kijunjubwa, Uganda",1.4833333,31.7666664
Kijura Health Center III,"Kijura, Uganda",0.816667,30.416667
Kikamulo Health Centre  III,Uganda,0.8333,32.3667
Kikandwa Health Centre  III,"J4M7+H34, Kampala-Hoima, Kikandwa, Uganda",0.6338879,32.1127144
Kikuube Health Centre  IV,"Kikube, Uganda",1.341,31.2217
Kikyo Health Centre  IV,Uganda,0.739,30.139
Kimuli Health Centre  III,Uganda,-0.599,31.304
Kinuuka Health Centre  III,Uganda,-0.265,31.115
Kinyogoga Health Centre  III,Uganda,1.2004,32.2414
Kiruhura Health Centre  IV,"Kiruhura, Uganda",-0.196398,30.84425
Kiryandongo Hospital,"V3H6+JQM, Kikube, Uganda",1.8790889,32.0619232
Kiryanga Health Center III,"Kiryanga, Uganda",1.0841603,31.0657575
Kisaasi Church of Uganda MC,"Kisaasi, Kampala, Uganda",0.3614407,32.5966549
Kisenyi Health Centre  IV,"8H59+2PJ, Mwanga II Rd, Kampala, Uganda",0.3075842,32.5692662
Kisiizi Hospital,"Republic road, Rukungiri, Uganda",-0.7911577,29.9248996
Kisomoro Health Centre  III,Uganda,0.535,30.139
Kisoro Hospital,"Kisoro, Uganda",-1.2834307,29.6904746
Kisugu Health Centre  III,"Park Rise Rd, Kampala, Uganda",0.3067583,32.6116142
Kiswa Health Centre  III,"Opposite shell Bugolobi Kataza Cl, Kampala, Uganda",0.3210524,32.6174945
Kitebi Health Centre  III,"7GJW+C5R, Kampala, Uganda",0.2811175,32.5453971
Kitenga  Health Centre  III,Uganda,0.52,31.499
Kitgum General Hospital,"Kitgum, Uganda",3.2884847,32.8789499
Kitwe Health Centre  IV,Uganda,-0.914,30.467
KITYERERA Health Centre  IV,"Kityerera, Uganda",0.3113889,33.4919434
Kiyumba Health Centre IV,Uganda,-0.325,31.801
Kobulubulu H/CIII,"Kobulubulu, Uganda",1.6812315,33.1463992
Kobwin Health Centre  III,Uganda,1.4,33.75
Koch Goma Health Centre  III,"Koch-Goma, Uganda",2.5749874,32.0610174
Kotido Health Centre  IV,"2488+5H9, Kotido, Uganda",3.0154106,34.11647
Kucwiny Health Centre  III,"Kucwiny, Uganda",2.5293324,31.2397438
Kuluva Hospital,"WWWM+84C, Kuluva, Uganda",2.9458156,30.9327615
Kumi Health Centre  IV,Uganda,1.527,33.988
Kwera Health Centre  III,Uganda,1.854,33.037
Kyabugimbi Health Centre  IV,Uganda,-0.507,30.251
Kyamuhunga Health Centre  III,Uganda,-0.4514,30.1133
Kyamuliibwa Health Centre  III,"Kyamulibwa, Uganda",-0.0805635,31.7533025
Kyamuswa Health Centre  III,"Kyamuswa, Uganda",-0.4166665,32.5166664
Kyangwali Health Centre  III,Uganda,1.284,30.848
Kyankwanzi Health Centre  III,Uganda,1.2021,31.7844
Kyazanga,"Kyazanga, Uganda",-0.3856315,31.321279
Kyebando Health Centre  III,Uganda,0.938,31.073
Kyebe Health Centre  III,Uganda,-0.89,31.7597
Kyegegwa Health Centre  IV,Uganda,0.527,31.048
Kyeizooba Health Centre  III,"Kyeizooba, Uganda",-0.5932068,30.2628111
Lalogi Health Centre IV,Uganda,2.6325502,32.5672721
Lapainat Health Centre III,Uganda,2.8288,32.3245999
Lefori Health Centre  III,"Lefori, Uganda",3.6265002,31.5598345
Lemusui Health Centre  III,Uganda,1.668,34.738
Lira Regional referral Hospital,"7W33+QV, Plot 9/19, 21-41 Ngetta Road Police Rd, Lira P.O.BOX 2, LIRA, Uganda",2.2517139,32.9018519
Lira University Health Centre  III,"7R2C+9CV, Lira, Uganda",2.2509766,32.8210473
Lobalangit Health Centre  III,"FMGR+FPP, Lobalangit, Uganda",3.476214,33.6918232
Logiri Health Centre III,"Old Paidha, Road, Uganda",2.7325383,30.8525651
Lokitelaebu Health Centre  III,"Lokitelaebu, Uganda",2.9916,33.9957
Lokolia Health Centre  III,Uganda,3.5939,34.1407
Lokopo Health Centre  III,"Matany, Uganda",2.4403,34.3975
Lokung Health Centre III,"HPR4+RVV, Lokung, Uganda",3.5921194,32.7071699
Loputuk Health Centre  III,Uganda,2.4955,34.6683
Lorengechora Health Centre  III,"Iriri, Uganda",2.2222,34.2543999
Ludara Health Centre  III,"Ludara, Uganda",3.5191,31.0021
Luru Health Centre  III (NFP),"CHPM+28R, Uganda",3.4351143,31.5832777
Luwero Hospital,"Luweero, Uganda",0.8404086,32.497668
Lwamaggwa Health Centre  III,"Lwamaggwa, Uganda",-0.5628845,31.2397438
Lwamata Health Centre  III,Uganda,0.835,31.895
Lwanda Health Centre  III,Uganda,-0.6919999,31.439
Lwanjusi,"R6H9+P62, Sinya, Uganda",0.829274,34.2180158
Lwebitakuri Health Centre  III,Uganda,-0.2899,31.3517
Lwemiyanga Health Centre  III,"Lwemiyaga, Uganda",0.0829521,31.0979963
Lwengo,"Lwengo, Uganda",-0.3907668,31.4613063
Lyantonde hospital,"Lyantonde, Uganda",-0.4075041,31.1567203
Maanyi Health Centre  III,Uganda,0.2733,31.9558
Mabaale Health Center III,"Mbale, Uganda",1.0784436,34.1810057
Madudu  Health Centre  III,Uganda,0.6502,31.5087
Magada Health Centre  III,Uganda,0.888,33.72
Magale Health Centre  IV,Uganda,0.869,34.348
Magoro Health Centre  III,Uganda,1.7337,34.1013
Mahyoro Health Centre  III,Uganda,-0.0575,30.2596
MAKUUTU Health Centre  III,"Makuutu, Uganda",0.4931884,33.5839983
Maracha Health Centre  IV,"Maracha, Uganda",3.2873127,30.9403023
Masafu Hospital,"Hospital, Masafu, Uganda",0.4129777,34.0350664
Masaka Hospital,"Alex Ssebowa, Masaka, Uganda",-0.3293044,31.7359321
Masindi Hospital,"MPM8+8CF, Masindi, Uganda",1.6833241,31.7160421
Masindi kitara Health Centre IV,"MPQ5+JPJ, Kijunjubwa Road, Masindi, Uganda",1.6890823,31.709251
Matany Hospital,"Moroto Diocese, Karamoja/c/o Comboni Missionaries, Box 3872, Kampala, Matany, Uganda",2.4433747,34.3941528
Mateete Health Centre  III,Uganda,-0.2117,31.4678
MAYUGE Health Centre  III,Uganda,-0.1454,33.5968
Mazinga Health Centre  III,Uganda,-0.4535,32.2417
Mbale Regional referral Hospital,"Mbale, Uganda",1.0925,34.1744
Mbarara  municipal Council Health Centre  IV,"Mbarara, Uganda",-0.6034,30.6654
Mbarara regional Referral Hospital,"Mbarara, Uganda",-0.6170591,30.6576625
Mengo Hospital,"7161 Cathedral Hill Rd, Kampala, Uganda",0.3125439,32.5589359
Metu Health Centre  III,"MQ9R+7Q6, Uganda",3.6681684,31.7918828
Minakulu Health Centre  III,"Minakulu, Uganda",2.4445177,32.380176
Mirambi Health Centre  III,Uganda,0.1,31.7333
Mitandi Health Centre  III,"Unnamed Road, Mitandi, Uganda",0.5998379,30.1478513
Mityana general hospital.,"Mityana, Uganda",0.4016398,32.043969
Morungatuny Health Centre III,"4GC5+F9C, Morungatuny, Uganda",2.1211963,33.5083866
Moyo General Hospital,"MP5H+64F, Moyo, Uganda",3.6580619,31.7277997
Mpara Health Centre   III,Uganda,0.4667,30.4833
Mparangasi Health Centre  lll,"Mparangasi, Uganda",1.4833333,31.4666672
Mparo Health Centre  IV,"PXXQ+MMV RWAMUCUCU, Kabale, Uganda",-1.2507541,29.9891782
Mpenja Health Centre  III,Uganda,0.235,32.05
Mpiigi Health Centre  IV,"Mpigi, Uganda",0.2273528,32.3249236
Mpumude Health Centre  III,"P786+XJ6, Kabula, Uganda",-0.2825904,31.2615269
Mubende Regional referral Hospital,"H9CR+XPX, Mubende, Uganda",0.5724768,31.3918612
Muko Health Centre  IV,Uganda,-1.2,29.8
Mukongoro Health Centre  III,"Mukongoro, Uganda",1.3333334,33.9000015
Mukono General Hospital,"A109, Mukono, Uganda",0.3599467,32.7474012
Mukuju,"Mukuju, Uganda",0.7483333,34.1866684
Mulanda,"Mulanda, Uganda",0.697172,34.00407
Mutara Health Centre  III,Uganda,-0.5799,30.0447
MUTERERE Health Centre  III,"Muterere, Uganda",0.4606929,33.7629465
Mutunda Health Centre  III,Uganda,2.1,32.3167
Muyembe Health Centre  IV,"67J9+V2V, Sironko, Uganda",1.2322486,34.2675322
Nabiganda Health Centre  IV,"Nabiganda, Uganda",0.9744,34.0587
Nabilatuk Health Centre  IV,Uganda,2.056,34.574
NABUKALU Health Centre  III,Uganda,0.6489,33.8108
Nabweru Health Centre  III,"Nabweru, Kampala, Uganda",0.3536983,32.5457592
Nadunget Health Centre  III,Uganda,2.4783,34.6049999
Nagongera,"Nagongera, Uganda",0.77578,34.01466
Nagwere Health Centre  III,Uganda,1.176,33.878
Nakapelmoru Health Centre  III,"Nakapelmoru, Uganda",3.0166667,34.2166667
Nakapiripirit Health Centre  III,"Nakapiripirit, Uganda",1.846,34.719
Nakaseke Hospital,"Kyangato, Uganda",0.7179502,32.3990032
Nakasongola Health Centre  IV,"8FC8+VP4, Nakasongola, Uganda",1.3221322,32.4668298
Nakitoma Health Centre  III,Uganda,1.5183,32.0897
Nalinya ndagire Health Centre  III,Uganda,0.6067,32.4765
Namalu Health Centre  III,Uganda,1.789,34.5978
Namasale Health Centre III,"GPW2+4H9, Katangira, Uganda",1.5452751,32.7014819
Namayumba  Health Centre  III,"Namayumba, Uganda",0.5282124,32.2504998
Nambieso Health Centre  III,"VQ9V+9QJ, Nabyeso, Uganda",1.8684667,32.7943877
NAMUGONGO Health Centre  III,"Namugongo, Kampala, Uganda",0.3850624,32.6475256
Namungalwe Health Centre  III,"Namungalwe, Uganda",0.7178,33.4926
Namutumba Health Centre  III,Uganda,0.8277,33.6883
Namwendwa Health Centre  IV,Uganda,0.928,33.264
Natirae Health Centre  II,Uganda,1.9184,34.5163
NAWAIKOKE Health Centre  III,"3CQ4+QCQ, Nawaikoke, Uganda",1.0894691,33.4061086
Ndeija Health Centre  III,"Ndeija, Uganda",-0.7646064,30.4127161
Ndejje Health Centre  IV,"Kampala, Uganda",0.242,32.578
Nebbi Hospital,"F3HP+265, Nebbi, Uganda",2.4775085,31.0856029
Ngariam Health Centre  III,"Ngariam, Uganda",1.8246552,34.1309397
Ngenge Health Centre  III,"GG42+327, Ngenge, Uganda",1.5051623,34.5000598
Ngora district maternity Health Centre  III,"Ngora, Uganda",1.4908115,33.7517723
Ngora Health Centre  IV,"Ngora, Uganda",1.4569467,33.778309
Njeru Health Centre III,"Namwezi Rd, Mbiko. K'la-Jinja Highway/c/o Njeru Town Council, P.O.Box 1, Njeru, Uganda",0.4350984,33.1533158
Nkokonjeru Hospital,"Nkokonjeru, Uganda",0.249508,32.910938
Nkoni Health Centre  III,Uganda,-0.3449999,31.635
Nkozi Hospital,"Nkozi University Polling Station,, Dinning Hall, Uganda",0.0026262,32.0161413
Nsangi Health Centre  III,"Kitala, Uganda",0.2738,32.4479
Nsiika Health Centre  IV,Uganda,-0.374,30.428
Nsinze Health Centre  III,"Nsinze, Uganda",0.823167,33.59798
Ntandi Health Centre  III,"Ntandi, Uganda",0.8084373,30.1495482
Ntoroko Health Centre  III,Uganda,1.042,30.534
Ntungamo Health Centre  IV,Uganda,-0.867,30.264
Ntwetwe Health Centre  IV,"Ntwetwe, Uganda",0.9497424,31.5897976
Nyabbani Health Centre  III,Uganda,0.074,30.418
Nyabihuniko Health Centre  III,Uganda,-1.291,29.714
Nyabubare Health Centre  III,Uganda,-0.543,30.055
Nyahuka Health Centre  IV,"Nyahuka, Uganda",0.6750562,29.9942867
Nyakibale Hospital,Uganda,-0.804,29.926
Nyakitunda Health Centre  III,Uganda,-0.887,30.707
Nyakwae Health Centre III,"Nyakwai, Uganda",2.5333333,33.9500008
Nyamarwa Health Centre  III,"Nyamarwa, Uganda",0.6932072,31.193945
Nyapea Hospital,"Nyapea, Uganda",2.4592448,30.9553638
Nyaruhandagazi Health Centre  II,Uganda,-0.707,30.545
Nyero Health Centre  III,Uganda,1.4716,33.8625
Obalanga Health Centre  III,"Obalang, Uganda",2.2051,33.592
Obongi Health Centre  IV,"Obongi, Uganda",3.2412105,31.5512722
Ochero H/CIII,"Ochero, Uganda",1.6801527,33.0148759
Offaka Health Centre  III,Uganda,2.6395,31.0298
Ogur Health Centre  IV,"CWRQ+423, Ogur, Uganda",2.4402545,32.9375589
Okungur,"Okungur, Uganda",2.3434739,33.7517723
Okwongo Health Centre III,Uganda,2.5099999,33.2624
Olujobo Health Centre  III,"3CC4+64Q, Uganda",3.0705928,31.4053684
Oluvu Health Centre  III,Uganda,3.2,30.8741
Ongako Health Centre III,"M6FH+WVF Kochkoo Primary School, Gulu, Uganda",2.6747015,32.2297139
Ongino Health Centre  III,"Ongino, Uganda",1.516667,34.05
Orungo Health Centre III,"2FR3+J9G, Orungo, Uganda",2.0415527,33.4534657
Orwamuge Health Centre III,Uganda,2.5219999,33.627
Osukuru,"Osukuru, Uganda",0.616667,34.183333
Otuboi Health Centre  III,Uganda,1.927,33.3103
Otwee Health Centre  III,Uganda,2.8186,31.8678
Paidah Health Centre  III,"Paidha, Uganda",2.4183904,30.9847642
Pajule Health Centre IV,Uganda,2.9397,32.9439
Pakanyi,"Pakanyi, Uganda",1.7662769,31.7808036
Pakele Health Centre III,"Pakelle, Uganda",3.3569,31.8551
Pakia Health Centre  III,Uganda,2.5379999,31.43
Pakwach Health Centre  IV,"Pakwach, Uganda",2.4607141,31.4941738
Palabek Kal Health Centre III,Uganda,3.3812,32.6517
Palabek Ogili Health Centre III,Uganda,3.4906,32.3797
Pallisa General Hospital,"5PG6+8H6, Pallisa, Uganda",1.1757992,33.7113895
Pallisa Town Council Health Centre  III,"Pallisa Town Council, Uganda",1.1766084,33.7182415
Palorinya  Health Centre  III,"FMP3+4XQ, Uganda",3.4853268,31.6549922
Parombo Health Centre  III,"Parombo, Uganda",2.3021193,31.2025336
Patongo Health Centre  III,"Q866+6MJ, Patongo, Uganda",2.7605779,33.3116322
Purongo Health Centre  III,Uganda,2.5667,31.8
Rakai Hospital,"7CP3+M5H, Rakai town, Uganda",-0.7133112,31.4029941
Rengen Health Centre  III,Uganda,3.049,33.889
Rhino Camp Health Centre  IV,"X9FW+7WM, Rhino Camp Rd, Rhino Camp, Uganda",2.9732209,31.3973048
Rubaare Health Centre  IV,"X5JJ+QW9, Unnamed Road, Rubaare, Uganda",-1.0180939,30.1823682
Rubaga Hospital,"8H32+FXH, Mutesa Rd, Kampala, Uganda",0.3038142,32.5532137
Rubindi Health Centre  III,Uganda,-0.3742,30.6094
Rugaaga Health Centre  IV,"Rugaaga, Uganda",-0.7922143,31.0564425
Rugazi Health Centre  IV,Uganda,-0.292,30.063
Rugyeyo Health Centre  III,"Rugyeyo, Uganda",-0.8833331,29.8166676
Ruhija Health Centre  III,"Ruhija Sub-county, Kabale District (Kabale-Kisoro Road)/ P.O.Box 05 Kabale - Kisoro Rd, Uganda",-1.2173416,29.9452168
Ruhoko Health Centre  IV,"RGXV+46C, Akatongore, Uganda",-0.1521776,30.5430222
Rukiri Health Centre  III,Uganda,-0.243,30.436
Rukungiri Health Centre  IV,"Rukungiri, Uganda",-0.789,29.926
Rushere community hospital,"QWRX+27C, Rushere, Uganda",-0.2099404,30.9481289
Rushoroza Hospital,"Rushoroza, Uganda",-1.2833331,29.9833336
Ruteete Health Center III,"Ruteete, Uganda",0.527194,30.3550808
Rwamwanja Health Centre  III,Uganda,0.2829999,30.599
Rwebisengo Health Centre  IV,"374F+Q52, Unnamed Road, Rwebisengo, Uganda",1.0568837,30.2728752
Rwekubo Health Centre  IV,Uganda,-0.838,30.833
Rwemikoma Health Centre  III,Uganda,0.056,30.86
Rwesande Health Centre  IV,Uganda,0.3911,30.1505
Rwimi Health Centre  III,Uganda,0.3857999,30.1988
Sanga Health Centre  III,Uganda,-0.494,30.899
Sekanyonyi  Health Centre  IV,"Sekanyonyi, Uganda",0.5022907,32.1391217
Sigulu Health Centre  III,Uganda,0.0995999,33.8274
Sipi Health Centre  III,"89MF+MV8, Sipi, Uganda",1.3341655,34.3747044
Sironko Health Centre  III,Uganda,1.16,34.229
Soroti Regional referral Hospital,"Soroti, Uganda",1.7161293,33.6101977
St Mary's Health Centre  III,"Butuntumula, Uganda",0.8860979,32.4893832
St Mary's Lacor General hospital,"Q69X+PJF, Gulu, Uganda",2.7652226,32.2501972
St. Francis Acumet Health Centre III,"5PMM+5F8, Achumet, Uganda",2.1829186,33.7336922
St. Francis Nsambya Hosp,"Nsambya Road, Hill/ Box 7146, Kampala, Uganda",0.3009029,32.586963
St. Joseph's Hospital Maracha,"Maracha, Uganda",3.2873127,30.9403023
St. Stephen Mpererwe Hospital,"Mpererwe, Kampala, Uganda",0.3818907,32.5761582
St.Pius Kidepo Health Centre III,Uganda,2.5655,34.6629999
Tegeres Health Centre  III,Uganda,1.406,34.385
Tirinyi Health Centre  III,Uganda,1.0091,33.7748
Tokora Health Centre  IV,Uganda,1.851,34.655
Tororo Hospital,"M5VP+FPF, Tororo, Uganda",0.6936989,34.1867888
Uganda Martyrs Ibanda Hospital,"VC9X+WCW, Ibanda, Uganda",-0.1301284,30.4485843
Ukusijoni Health Centre  III,"Ukusijoni, Uganda",3.1045123,31.5598345
"UMC, Victoria Hospital, Bukoto","Plot 1495 Kira Rd, Kampala, Uganda",0.3496966,32.6027822
UVRI Health Centre  II,"51/59 Nakiwogo Rd, Entebbe, Uganda",0.0756919,32.4574649
Villa Maria Hospital,"QP9V+H86, Unnamed Road, Villa Maria, Uganda",-0.2310865,31.7432781
Vurra Health Centre III,Uganda,2.9248,30.9098
Wadelai Health Centre  III,Uganda,2.733,31.398
Wadra Health Centre  III,"Alikwa Trading Centre, Yivu Sub County, Maracha, Along the Arua - Maracha Road/C/O P.O. Box 1, Maracha, Uganda",3.2685089,30.9560993
Waibuga Health Centre  III,Uganda,0.6289,33.385
Wakiso Health Centre  IV,"Wakiso Town Council,, Namirembe Rd, Wakiso, Uganda",0.3965175,32.4772912
Wera Health Centre III,"VQ83+G8H, Wera, Uganda",1.866324,33.7533581
Yinga Health Centre  III,Uganda,3.2606,31.242
Yumbe Health Centre  IV,Uganda,3.477,31.197
Zeu Health Centre  III,Uganda,2.541,30.818
