Comuna,Lugar de vacunaci¨®n,address,latitude,longitude
Cabo de Hornos,Hospital Naval,Base Naval,-55.1225102,-69.4067496
Porvenir,Hospital Comunitario Dr. Marco Chamorro,Carlos Wood 480,-53.29813,-70.35857
Punta Arenas,Escuela Manuel Bulnes,Av Presidente Pedro Aguirre Cerda #35,-53.174239,-70.9372127
Punta Arenas,Vacunatorio Mutual De Seguridad,Av. Espa?a 1890,-53.1683311,-70.9223192
Punta Arenas,Punto Centro Clinico Militar,21 De Mayo,-53.1661259,-70.9106241
Punta Arenas,Escuela 18 Septiembre,Gaspar Marin #0140,-53.1655355,-70.930486
Punta Arenas,Vacunatorio Policlinico De La Fach,Jose Menedez 601,-53.1606174,-70.9087259
Punta Arenas,Escuela Hernando De Magallanes,Jose Del Carmen Galindo #1105,-53.1549648,-70.9315775
Punta Arenas,Vacunatorio Hospital Naval Dr. Cirujano Guzman,Av. Bulnes 0256,-53.1496581,-70.8971889
Punta Arenas,Liceo Contardi,Manantiales #1027,-53.1462716,-70.885964
Punta Arenas,Escuela Patagonia,Covadonga #0185,-53.1426749,-70.9121651
Punta Arenas,Vacunatorio Clinica Red Salud,Av. Bulnes 01448,-53.1412794,-70.8888774
Rio Verde,Psr Rio Verde,Posomby S/N,-52.8902386,-72.3150312
San Gregorio,Psr Punta Delgada,Calle Don Bosco #263,-52.3164114,-69.6900136
Natales,Cesfam Dr. Juan Lozic,Vacunaci¨®n a domicilio,-51.7269716,-72.5068048
Laguna Blanca,Psr Tehuelches,Kilometro 100 Ruta 9 Norte,-51.7185592,-72.5026777
Torres del Paine,Psr Cerro Castillo,Caserio Cerro Castillo S/N,-50.9423262,-73.4067879
Natales,Hospital Dr. Augusto Essmann,O?Higgins 246,-50.6868526,-74.022261
COCHRANE,SAL?N AZUL DEL CENTRO CULTURAL MUNICIPAL,SAN VALENT?N 551,-47.2521666,-72.5760478
RIO IBA?EZ,SEDE ADULTO MAYOR,R¨ªo Tranquilo S/N,-46.6240234,-72.6752459
CHILE CHICO,CASA MORADA VACUNATORIO HOSPITAL,Caupilic¨¢n S/N,-46.5411212,-71.7235076
CHILE CHICO,CASA DE LA CULTURA,O`Higgins 426,-46.5396096,-71.7252665
CHILE CHICO,PSR BERTRAND,Avda. Costanera S/N,-46.5364568,-71.7310298
COYHAIQUE,PSR VALLE SIMPSON,Balmaceda S/N,-45.9099712,-71.6975065
COYHAIQUE,PSR LAGO ATRAVESADO,Camino Publico sector Lago Atravesado S/N,-45.600737,-72.1002708
COYHAIQUE,UNI?N COMUNAL DE ADULTOS MAYORES,Err¨¢zuriz 2390,-45.58296,-72.0418051
COYHAIQUE,GIMNASIO REGIONAL,Av. Ogana 1150,-45.5820262,-72.0742402
COYHAIQUE,ASOCIACI?N CHILENA DE SEGURIDAD,Av. Ogana 1018,-45.5806023,-72.0734883
COYHAIQUE,JJ.VV VISTA HERMOSA,Calle Ventisqueros esquina Los Fiordos,-45.5745233,-72.0652597
COYHAIQUE,PSR EL BLANCO,Echevagurren S/N,-45.5736993,-72.0717732
COYHAIQUE,PSR EL GATO,Camino p¨²blico sector El Gato S/N,-45.5712254,-72.068265
COYHAIQUE,SAL?N MOP,Riquelme 465,-45.5705561,-72.0688088
AYS?N,PSR PUERTO AGUIRRE,Manuel Rodriguez esq. Balmaceda,-45.567119,-72.066652
AYS?N,CECOSF CHACABUCO,"O'Higgins, 331, Puerto Chacabuco",-45.4618214,-72.8166301
AYS?N,HOSPITAL PUERTO AYS?N,"Alcalde Chindo Vera 317, Puerto Aysen",-45.4087095,-72.6841101
AYS?N,POLIDEPORTIVO 21 DE ABRIL,"Benigno D¨ªaz, 15, Puerto Ays¨¦n",-45.4084296,-72.6878772
AYS?N,GIMNASIO IND,"Bernardo O'Higgins 433, Puerto Aysen",-45.4066545,-72.6968753
AYS?N,CESFAM PUERTO AYS?N,"Eleuterio Ram¨ªrez 1035, Puerto Aysen",-45.4027834,-72.6938923
AYS?N,PSR CALETA ANDRADE,Manuel Rodriguez S/N,-45.3954148,-72.6879318
COYHAIQUE,PSR VILLA ORTEGA,Las lengas s/n villa ortega,-45.3718236,-71.9947183
LAGO VERDE,PSR VILLA AMENGUAL,Francisca Castro S/N,-44.74786479,-72.20979255
CISNES,GIMNASIO MUNICIPAL,RAFAEL SOTOMAYOR S/N,-44.7276311,-72.6812084
AYS?N,CECOSF VILLA MA?IHUALES,Arturo Prat. S/N,-44.7244159,-72.6882622
LAGO VERDE,PSR LAGO VERDE,Sargento Aldea 637,-44.240478,-71.850306
LAGO VERDE,PSR VILLA LA TAPERA,Bernardo O'Higgins S/N,-44.23959957,-71.84993229
CISNES,CESFAM LA JUNTA,"Diego Portales esquina 18 de Septiembre, La Junta.",-43.9700754,-72.4006913
GUAITECAS,SAL?N CULTURAL,Calle Coquimbo S/N,-43.8964276,-73.7449694
Palena,Vacunacion Extramural,Balmaceda 311,-43.6172998,-71.7941413
Futaleuf¨²,Vacunacion Extramural,Balmaceda 382,-43.1838817,-71.8686095
Quell¨®n,Hospital De Quell¨®n,Dr.Ahues 305,-43.1154522,-73.6174559
Quell¨®n,Centro De Salud Familiar Quell¨®n,Calle Galvarino Riveros 590,-43.1141749,-73.6128665
Chait¨¦n,Vacunacion Extramural,Carretera Austral 142,-42.9179228,-72.7102934
Queilen,Hospital De Queilen,Ren¨¦ C¨¢rcamo 331,-42.883838,-73.4716731
Chonchi,Centro De Salud Familiar Chonchi,Calle Chonchi S/N,-42.6250525,-73.7740284
Puqueld¨®n,Cesfam De Puqueld¨®n,Calle Puqueld¨®n S/N,-42.6014407,-73.6714848
PAINE,Estadio Municipal de Paine,Panamericana Sur 625,-42.4790221,-73.7634863
Castro,Hospital De Castro,Ram¨®n Freire 852,-42.476287,-73.7683534
Castro,Centro De Salud Familiar Dr. Ren¨¦ Tapia Salgado,Calle Galvarino Riveros 939,-42.474435,-73.7718934
Achao,Hospital De Achao,Calle Riquelme 16,-42.469772,-73.494836
Castro,Centro De Salud Familiar Quillahue,Calle Galvarino Riveros Norte 2719,-42.4601078,-73.7923194
Curaco de V¨¦lez,Centro De Salud Familiar Curaco De V¨¦lez,Calle Curaco De V¨¦lez S/N,-42.4395237,-73.600414
Dalcahue,CESFAM Dalcahue,Calle Ram¨®n Freire 1315,-42.377631,-73.651882
Quemchi,CESFAM Quemchi,Calle Quemchi S/N,-42.1447134,-73.4780559
Ancud,Cesfam Pudeto Bajo,Calle Emergencia S/N,-41.8774429,-73.7966102
Ancud,Vacunatorio Rosal¨ªa Mu?oz,Calle An¨ªbal Pinto 308,-41.8683831,-73.8258934
Ancud,Cesfam Dr. Manuel Ferreira,Calle Almirante Latorre 750,-41.8677818,-73.8150537
Ancud,Hospital De Ancud,Almirante Latorre 301,-41.8655779,-73.8246526
Calbuco,Psr Y Ruta Las Islas,Islas (Huapi Abtao),-41.795375,-73.298722
Calbuco,Hospital Calbuco,Eulogio Goycolea 450,-41.7703463,-73.1345792
Calbuco,Cesfam Calbuco,Eulogio Goycolea 132,-41.7694596,-73.129458
Maull¨ªn,Gimnasio De Carelmapu,Carelmapu,-41.7416513,-73.6985944
Maull¨ªn,Cesfam Carelmapu,Carelmapu,-41.74114005,-73.70157851
Maull¨ªn,Gimnasio Fiscal De Maullin,Maullin Urbano,-41.61838225,-73.59654
Maull¨ªn,Gimnasio Escuela Dorila Aguila Aguilar,La Pasada,-41.6030817,-73.5966719
Maull¨ªn,Escuela Los Arces De Olmopulli,Olmopulli,-41.5714333,-73.4618845
Maull¨ªn,Gimnasio Escuela Hilada Hunquen,Quenuir,-41.5415093,-73.6748071
Cochamo,Cesfam Rio Piuelo Cochamo,Cochamo,-41.4924307,-72.307996
Llanquihue,Clinica Universitaria,"Avenida Bella Vista, 123,",-41.47791,-72.913174
Llanquihue,Caproen,Urmeneta Edificio Medico,-41.4723492,-72.9468262
Puerto Montt,Centro De Eventos Arena Puerto Montt,"Ega?a 1151, Pto Montt",-41.4702854,-72.91769
Llanquihue,Megasalud,Rengifo 412,-41.4702659,-72.9407135
Puerto Montt,Equipo Salud Rural,Se har¨¢n rondas con previo aviso.,-41.468917,-72.9411364
Llanquihue,Clinica Puerto Montt,Panamericana 400,-41.4585486,-72.9539029
Los Muermos,Cesfam Los Muermos,Carlos Iba?ez Del Campo S/N,-41.3950481,-73.4666084
Los Muermos,Gimnasio Municipal De Los Muermos,Zona Urbana Los Muermos,-41.3944267,-73.4651433
Puerto Varas,Coliseo Municipal,Las Lilas 1998,-41.3318717,-72.9718889
Puerto Varas,Vacunatorio Cesfam Puerto Varas,"Err¨¢zuriz Esquina Antonio Varas S/N, Puerto Chico",-41.3292695,-72.9697183
Puerto Varas,Escuela de Nueva Braunau,Avenida Otto Klein Dorner S/N,-41.3255894,-73.0787699
Puerto Varas,Gimnasio Municipal Puerto Varas,Ramon Ricardo Rosas 965,-41.3221867,-72.9877827
Llanquihue,Clinica Puerto Varas,"Dr Otto Bader 810,",-41.3191251,-72.9912673
Llanquihue,Vacunatorio Austral,San Ignacio 971 Box 4,-41.3085196,-72.9938967
Llanquihue,Escuela De Loncotoro,Sector Loncotoro,-41.2926438,-73.2124515
Llanquihue,Escuela De Los Pellines,Sector Pellines,-41.273468,-72.9903577
Llanquihue,Liceo Municipal Holanda,Llanquihue,-41.26910316,-72.99796454
Llanquihue,Centro Civico De Llanquihue,Llanquihue,-41.2581699,-73.0040943
Puerto Varas,Escuela Epson de Ensenada,Ruta 225 Ch Km 46,-41.2556927,-72.8013182
Llanquihue,Escuela Colegual Esperanza,Sector Colegual,-41.223341,-73.2213469
Llanquihue,Psr Macal,Llanquihue Rural,-41.17508757,-73.22898821
Fresia,Sede Social Los Pinitos,Fresia Urbano,-41.15951291,-73.43064586
Fresia,Sede Social Poblacion Beatas,Fresia Urbano,-41.15827043,-73.40022165
Fresia,Hospital De Fresia,Fresia Urbano,-41.1555054,-73.4229175
Fresia,Sede Social Poblacion Bustamante,Fresia Urbano,-41.15,-73.4163343
Frutillar,Liceo Ignacio Carrera Pinto,Frutillar Alto,-41.1295316,-73.060495
Frutillar,Sede Social Centro De Consultas,Frutillar Alto,-41.1294229,-73.05913908
Frutillar,Multitaller Alessandri,Pantanosa,-41.12345313,-73.05962746
Frutillar,Colegio Arturo Alessandri Palma,Frutillar Alto,-41.1143756,-73.0516104
Frutillar,Centro Comunitario De Pantanosa,Pantanosa,-41.11216289,-73.05513924
Frutillar,Cecosf Pantanosa,Pantanosa,-41.111686,-73.0552198
Frutillar,Pedernal Y La Paz Emr,Estaciones Medico Rurales,-41.11150772,-73.05513425
Frutillar,Psr Centinela,Posta De Salud Rural,-41.0118006,-73.1239922
Frutillar,Escuela Linares,Sector Casma,-41.0102371,-73.1228442
Puerto Octay,Hospital Pto Octay,Pedro Montt 601,-40.9717708,-72.8841335
Purranque,Centro De Salud Familiar Purranque,Calle 21 De Mayo 415,-40.9130262,-73.154673
Purranque,Hospital Purranque,21 De Mayo S/N,-40.911546,-73.1638727
Mariquina,Posta Rural Chan Chan,"Sector De Chan Chan S/N, Mariquina",-40.80837964,-73.00329234
Rio Negro,Hospital Rio Negro,Arturo Prat S/N,-40.8023975,-73.216833
Rio Negro,Centro De Salud Familiar R¨ªo Negro,Calle Buschmann S/N,-40.7956017,-73.2167155
Puyehue,Cesfam Entre Lagos,Luis Pasteur S/N,-40.68458787,-72.6024941
Osorno,Escuela de Arte y Cultura,Zenteno,-40.5879636,-73.1186473
San Juan de la Costa,Cesfam Bah¨ªa Mansa,Calle Bah¨ªa Mansa S/N,-40.5846033,-73.733543
Osorno,Centro De Salud Familiar Ovejer¨ªa,Calle Mart¨ªn Ruiz De Gamboa,-40.5844467,-73.1483802
Osorno,Cl¨ªnica Alemana De Osorno,Avenida Zenteno 1530,-40.5839557,-73.1216602
Osorno,Escuela Garc¨ªa Hurtado de Mendoza,Sector Rahue Alto,-40.5802864,-73.1684918
Osorno,Escuela Claudio Arrau,Rahue Bajo,-40.573797,-73.153713
Osorno,Vacunatorio Sociedad Centro M¨¦dico Cochrane,Calle Cochrane 405,-40.5708705,-73.1337921
Osorno,Escuela Juan Ricardo S¨¢nchez,Francke,-40.5681456,-73.1473686
Osorno,Escuela Sociedad y Socorro,5to Centenario,-40.5680991,-73.1706235
San Juan de la Costa,Hospital Mision San Juan De La Costa,Sector Lafquemapu,-40.49145279,-73.40335049
San Pablo,Vacunatorio Sociedad Centro M¨¦dico Cochrane,Calle Cochrane 405,-40.4119816,-73.0114512
San Pablo,Cesfam San Pablo,Calle Col¨®n 788,-40.4104918,-73.0129624
San Pablo,Hospital Quilacahuin,Quilacachuin S/N,-40.407885,-73.0109676
Rio Bueno,Cesfam R¨ªo Bueno,"Ej¨¦rcito Libertador S/N, Rio Bueno",-40.3353529,-72.9530242
Rio Bueno,Hospital R¨ªo Bueno,"Ejercito Libertador 1521, Rio Bueno",-40.3352164,-72.9507432
Lago Ranco,Cesfam Lago Ranco,"Calle Concepci¨®n 655, Lago Ranco",-40.3225923,-72.4763236
La Uni¨®n,Cesfam La Uni¨®n,"Calle Los Tineos 55, La Uni¨®n",-40.30624,-73.08137
La Uni¨®n,Hospital De La Uni¨®n,"Arturo Prat S/N, La Uni¨®n",-40.2910145,-73.0809944
Futrono,Posta Huapi (M¨®vl De Ronda Vacunar¨¢ En Terreno),Isla Huapi S/N,-40.225,-72.3791667
Futrono,Posta De Llif¨¦n,"Llifen S/N , Futrono",-40.2000213,-72.2596554
Futrono,Posta Arquilhue Y Maihue (M¨®vil Municipal Vacunar¨¢ En Terreno),Sector Arquilhue Y Sector Maihue,-40.1961325,-72.0424091
Futrono,Escuela Balmaceda Futrono,"Balmaceda 485, Futrono",-40.1318048,-72.3867729
Futrono,Posta De Curri?e,"T-647 42, Futrono",-40.1313577,-72.3886191
Futrono,Posta Loncopan (M¨®vil Municipal Vacunar¨¢ En Terreno),Sector Loncopan,-40.1291435,-72.3878777
Futrono,Centro Comunitario Futrono,"Los Casta?os S/N , Futrono",-40.1214848,-72.3892454
Futrono,Cecosf Nontuel¨¢,"Nontuela S/N , Futrono",-40.087729,-72.5188754
Paillaco,Hospital De Paillaco,"Gabriela Mistral 715, Paillaco",-40.0717955,-72.8664583
Paillaco,Cesfam Paillaco,"Mac-Iver #1285, Paillaco",-40.0662657,-72.8695264
Corral,Hospital De Corral,"Avenida Marinero Segundo El¨ªas Huerta N¡ã200, Corral",-39.8881862,-73.4309859
Valdivia,Cesfam Niebla,"Martin, Cerme?o S/N, Niebla",-39.8660755,-73.3955681
Los Lagos,Gimnasio Municipal Los Lagos,"Lan¨ªn 139, Los Lagos",-39.8640773,-72.8108939
Valdivia,Cesfam Angachilla,"Sta Martina 3821, Valdivia",-39.8498771,-73.2229879
Valdivia,Cesfam Jorge Sabat,"Av. Ram¨®n Picarte 2500, Valdivia",-39.8320062,-73.2170486
Valdivia,Surmedica,"Avenida Francia 1655, Valdivia",-39.8305145,-73.2412489
Valdivia,Clinica Alemana De Valdivia,"Av. Ram¨®n Picarte 1129, Valdivia",-39.8183626,-73.2397338
Valdivia,Achs,"Beauchef 705, Valdivia",-39.8182782,-73.2410584
Valdivia,Policl¨ªnico Carabineros,"Av. Ram¨®n Picarte 1129, Valdivia",-39.8173788,-73.2425333
Valdivia,Mutual,"Av. Arturo Prat 1005, Valdivia",-39.8156131,-73.2338185
Valdivia,Cesfam Las ?nimas,"Pedro Aguirre Cerda N¡ã 231, Valdivia",-39.8147883,-73.2245643
Valdivia,Redsalud,"Av. Alemania 475, Valdivia",-39.8129376,-73.2426507
Mafil,Cesfam M¨¢fil,"Bernardo O'Higgins 420, M¨¢rfil",-39.666175,-72.9587052
Panguipulli,Cesfam Choshuenco,"Padre Bernab¨¦ S/N, Choshuenco",-39.6473592,-72.3411017
Panguipulli,Cesfam Panguipulli,"Gabriela Mistral S/N , Panguipulli",-39.643832,-72.3363037
Panguipulli,Hospital De Panguipulli,"Cruz Coke 342, Panguipulli",-39.640545,-72.342664
Mariquina,Posta Rural Pelchuquin,Sector Pelchuqu¨ªn Mariquin,-39.6239782,-73.0770452
Panguipulli,Cesfam Co?aripe,"Las Tepas S/N, Co?aripe",-39.5671796,-72.0057675
Mariquina,Posta Rural Quiyalhue,"Sector Quillalhue, Mariquina",-39.54661982,-73.03611305
Mariquina,Posta Rural Ciruelos,"Sector Ciruelos, Mariquina",-39.54372061,-72.87775703
Mariquina,Posta Rural Pelollinco,"Sector Pelollinco, Mariquina",-39.5419883,-72.9656219
Lanco,Cesfam De Malalhue,"Ruta 203 N¡ã 401, Malalhue",-39.5419502,-72.5070353
Mariquina,Cesfam Mariquina,"Rene Manns S/N, Mariquina",-39.5393068,-72.9715792
VILLARRICA,Cesfam Lican Ray,Caupolic¨¢n 2001,-39.48943357,-72.15449904
Mariquina,Posta Rural Tripayante,Sector Tripayante . Mariquina,-39.4811478,-72.9504908
Lanco,Hospital De Lanco,"Santiago 595, Lanco",-39.4520303,-72.7689149
Mariquina,Posta Rural Missisipi,Calle Aldea De Misisipi S/N,-39.4484607,-73.2246258
Mariquina,Cecosf Mehuin,"Caleta Mehuin S/N, Mariquina",-39.4319821,-73.214127
LONCOHE,Hospital Loncoche,Jose Migue Carrera 330,-39.3706731,-72.626301
LONCOHE,Gimnasio Municipal,Manuel Bulnes 271,-39.3702894,-72.6314102
LONCOHE,Dsm Loncoche,Manuel Pinto 0355,-39.3684349,-72.6280376
CURARREHUE,Consultorio Curarrehue,Av. Bernardo O¡¯Higgins 1051,-39.3616465,-71.5890276
VILLARRICA,Cesfam Los Volcanes,Av. Segunda Faja 800,-39.3035284,-72.2258564
VILLARRICA,Cesfam Villarrica,Caupolic¨¢n 2001,-39.2944331,-72.2202228
VILLARRICA,Cecosf Todos Los Santos,Ignacio Serrano 1061,-39.29432416,-72.23741265
VILLARRICA,Cecosf 21 De Mayo,Caupolic¨¢n 2001,-39.2888037,-72.2345541
VILLARRICA,Gimnasio Carlos Lucas,Juan Antonio R¨ªos 715,-39.2872446,-72.2328806
VILLARRICA,Cecosf ?ancul,S-759 424,-39.2830801,-72.3079126
VILLARRICA,Dsm Villarrica,Valentin Letelier 415,-39.2792701,-72.229176
PUC?N,Hospital San Francisco,Adolfo Kachelle 200,-39.2784187,-71.9742128
VILLARRICA,Hospital Villarrica,San Martin 460,-39.2774925,-72.2266633
PUC?N,Gimnasio Municipal Puc¨®n,Miguel Ansorena 212,-39.2745023,-71.9757685
PUC?N,Consultorio Rural Puc¨®n,Adolfo Kachelle 200,-39.2722541,-71.9776285
GORBEA,Cecosf Lastarrias,General Urrutia 330,-39.2353686,-72.6763057
TOLT?N,Dsm Tolt¨¦n,Berdo O?Higgins 410,-39.1790279,-73.1655707
TOLT?N,Hospital Tolt¨¦n,Elvira Leal 636,-39.1771206,-73.1642149
TOLT?N,Gimnasio Municipal,Elvira Leal S/N,-39.1761618,-73.16709293
GORBEA,Hospital Gorbea,Carrera 901,-39.1054686,-72.6686325
GORBEA,Iglesia Catolica,calle Blanco Encalada 401 igual frente a la plaza,-39.1033386,-72.676485
GORBEA,Dsm Gorbea,Jose Agustin Gomez 620,-39.1025583,-72.6705058
GORBEA,Gimnacio Municipal Gorbea,calle Andres bello frente a la plaza,-39.1005597,-72.67636
TEODORO SCHMIDT,Cesfam Hualp¨ªn,Andr¨¦s Vello 320,-39.088838,-73.1796895
TEODORO SCHMIDT,Cesfam T. Schmidt,Balmaceda 510,-38.9963577,-73.0888959
TEODORO SCHMIDT,Gimnacio Municipal Teodoro Schmid,Prat 067,-38.9949302,-73.0912844
PITRUFQU?N,Hospital Pitrufqu¨¦n,Leon Gallo Sur 355,-38.9885495,-72.6438689
TEODORO SCHMIDT,Cecosf Barros Arana,Cuatro Sur esq. Uno Poniente,-38.9874201,-72.9222759
CUNCO,Consultorio Los Laureles,Av. Padre Marcelino S/N,-38.9873335,-72.2463877
PITRUFQU?N,Consultorio Pitrufqu¨¦n,Leon Gallo Sur 585,-38.9861532,-72.6464333
PITRUFQU?N,Gimnasio Escuela Uni¨®n Latino Americana,Gronow 550,-38.9849618,-72.6357007
PITRUFQU?N,CECOSF Ultraestaci¨®n,Col¨®n 673,-38.9810206,-72.6458562
FREIRE,Consultorio Freire,Lautaro 049,-38.9573,-72.6269289
FREIRE,Gimnacio Municipal Freire (Cesfam Freire),Lautaro 049,-38.9532576,-72.6282026
FREIRE,Consultorio Quepe,21 De Mayo 170,-38.9508774,-72.6266839
CUNCO,Hospital Dr. Eduardo Gonzalez Galeno,Avd. Santa Maria 31,-38.9327479,-72.0303172
CUNCO,Cecosf Las Villas,Poblacion Las Villas S/N,-38.89993,-71.9197325
FREIRE,Centro cultural Quepe (Cesfam Quepe),Serrano 162,-38.8680072,-72.6152002
MELIPEUCO,Consultorio Melipeuco ¨C Dsm,Caupolic¨¢n S/N,-38.8534973,-71.6985068
MELIPEUCO,Gimansio Municipal,calle pedro aguirre cerda sn,-38.8511248,-71.683769
PUERTO SAAVEDRA,Dsm P. Saavedra,18 de Septiembre 554,-38.799202,-73.3922646
PUERTO SAAVEDRA,Salon Municipal,"Avenida Ej¨¦rcito 1464, Puerto Saavedra",-38.7927234,-73.3959303
PUERTO SAAVEDRA,Centro Comunitario Rural Puerto Dominguez,Calle Cementerio s/n,-38.7898559,-73.3847059
PUERTO SAAVEDRA,Hospital Dr. Arturo Hillerns Larra?aga,Los Araucanos 42,-38.7837369,-73.3987359
PADRE LAS CASAS,Jardin Los Volcanes,Avda la Quebrada 1751,-38.7755064,-72.588815
PADRE LAS CASAS,Sede Social Villa Pulmahue,SEDE PULMAHUE/ LAS AGUILAS 1137,-38.774716,-72.5929488
PADRE LAS CASAS,Gimnasio Padre Las Casas,Av Pulmahue 1247,-38.7742645,-72.5937983
PADRE LAS CASAS,Cesfam Conunhuenu,Pulmahue 1405,-38.7741565,-72.596487
PADRE LAS CASAS,Consultorio Pulmahue,Avda. La Quebrada 1419,-38.7727856,-72.588859
PADRE LAS CASAS,Hospital Makewe,Camino Misi¨®n Araucan¨ªa Km 12,-38.7682352,-72.5989708
PADRE LAS CASAS,Complejo Asistencial Padre Las Casas,Ruta 194 Km 07 Plc,-38.7677776,-72.6142419
PADRE LAS CASAS,Consultorio Las Colinas,Ma?il 130,-38.7658383,-72.607738
PADRE LAS CASAS,Escuela San Sebastian,Villa Alegre N¡ã2235,-38.7654778,-72.6080191
TEMUCO,Gimnasio Labranza,1 Oriente #0389,-38.76385302,-72.7531706
PADRE LAS CASAS,Consultorio Padre Las Casas,Barroso Esquina Corval¨¢n S/N,-38.7615092,-72.5935257
TEMUCO,Gimnasio Amanecer,Florencia #870,-38.756089,-72.6169207
IMPERIAL,Centro Cultural,Prat N¡ã309,-38.7450141,-72.952931
IMPERIAL,Cesfam Imperial,Gorostiaga 258,-38.7444302,-72.9551739
IMPERIAL,Dsm N. Imperial,Gorostiaga 258,-38.74434768,-72.95459541
TEMUCO,Gimnasio Sede Millaray,calle ohhiggins,-38.7421348,-72.6009089
IMPERIAL,Gimnasio Ol¨ªmpico Eliecer Castillo,Juan XXIII,-38.7406881,-72.9528643
IMPERIAL,Hospital Intercultural Nueva Imperial,Castell¨®n 0115,-38.7403405,-72.9572722
TEMUCO,Gimnasio Colegio Claret,Calle Montt entre Zenteno y Matta,-38.7393574,-72.5837565
TEMUCO,Cesfam Metodista,Bernardo O'Higgins 01449,-38.7374081,-72.6227969
TEMUCO,Cl¨ªnica Alemana De Temuco,Senador Est¨¦banez 645,-38.736576,-72.610829
TEMUCO,Gimnasio Alem¨¢n,Senador Estebanez 620,-38.7362427,-72.6115011
TEMUCO,Hospital Hern¨¢n Henr¨ªquez Aravena Temuco,Manuel Montt #115,-38.7357233,-72.5989056
TEMUCO,Consultorio Miraflores,Miraflores 1369,-38.7353683,-72.5818022
TEMUCO,Escuela Boyeco,Camino a Chol Chol KM 10,-38.734508,-72.58957352
TEMUCO,Cesfam Santa Rosa,Pircunche N¡ã0316,-38.7342089,-72.5722147
TEMUCO,Gimnasio Costanera del Caut¨ªn,Avenida Pircunche #1314,-38.7315713,-72.5600585
TEMUCO,Cl¨ªnica Redsalud Mayor Temuco,Gabriela Mistral 1955,-38.73,-72.6272087
TEMUCO,Gimnasio Campo Deportivo,Combarbala 0985,-38.7277367,-72.6157484
TEMUCO,Consultorio Villa Alegre,Av. Argentina N¡ã0820,-38.7264122,-72.6106255
TEMUCO,Cesfam Labranza,1 Oriente N¡ã0411,-38.7243023,-72.5623681
TEMUCO,Cesfam Pueblo Nuevo,Nahuelbuta N¡ã2015,-38.7200554,-72.5716531
TEMUCO,Gimnasio Alonso de Ercilla,Uno Poniente #1214,-38.71998068,-72.56297004
TEMUCO,Cesfam Amanecer,Garibaldi N¡ã1280,-38.7199757,-72.5718423
CARAHUE,Cecosf Carahue,Av. Ercilla 565,-38.7165876,-73.1670352
CARAHUE,Casino Bomberos (Cecosf Carahue),Avda. Ercilla 300,-38.7154282,-73.1673898
TEMUCO,Gimnasio Fundo el Carmen,Los M¨²sicos #330,-38.7132535,-72.6464845
CARAHUE,Hospital Carahue,Almagro 602,-38.7131229,-73.1640028
TEMUCO,Consultorio Pedro De Valdivia,Chivilcan N¡ã0910,-38.7129905,-72.6197175
TEMUCO,Cesfam El Carmen,Los Compositores #0110,-38.71297,-72.65488
TEMUCO,Gimnasio Pedro de Valdivia,Cariqui?a #0950,-38.7127971,-72.6222699
CARAHUE,Cesfam Trovolhue,Juan Pablo Ii 135,-38.7106363,-73.1625481
CARAHUE,Gimnasio Municipal (Cesfam Trovolhue),Calle Estadio s/n,-38.7069383,-73.1601619
VILC?N,CECOSF Cherquenco,Calle Jap¨®n s/n (frente a escuela Jap¨®n),-38.6863811,-72.0033316
VILC?N,Cesfam Caj¨®n,Gabriela Mistral 357,-38.6800182,-72.5028753
VILC?N,Gimnasio Escuela Especial Feyentun,calle chorrillos N¡ã825,-38.6708528,-72.2293244
VILC?N,Dsm Vilc¨²n,Cerrera 243,-38.6691828,-72.2196376
VILC?N,Gimnasio Escuela America,Blanco Encalada S/N,-38.6688599,-72.2258459
VILC?N,Hospital Vilc¨²n,Bulnes 680,-38.666342,-72.227608
TEMUCO,Cesfam Boyeco,Camino Chol-Chol Km 10,-38.65989336,-72.7130143
LAUTARO,Cecosf Pillanlelb¨²n,Ercilla 305,-38.6367208,-72.4559619
CHOL CHOL,Consultorio Chol-Chol,An¨ªbal Pinto 552,-38.6024197,-72.8423721
CHOL CHOL,Gimnasio Municipal,calle schmidt sin n¨²mero,-38.6014109,-72.8504276
Chanco,Posta La Vega,La Vega S/N,-38.57224888,-72.31297622
LAUTARO,Hospital Lautaro (Abraham Godoy Pe?a),Barros Arana 820,-38.5375073,-72.4228172
LAUTARO,Cesfam Lautaro,Bernardo O?Higgins 1032,-38.5373235,-72.4395176
LAUTARO,Cecosf Guacolda,Barros Arana 358,-38.5371313,-72.42749633
LAUTARO,Gimnasio Del Barrio Norte,"Barrio Norte, Lautaro",-38.5347489,-72.4357969
LAUTARO,Dsm Lautaro,Bernardo O'Higgins 1032,-38.5345501,-72.4359756
LAUTARO,Cecosf Maximino Beltr¨¢n,Calle Orlando 452,-38.51669401,-72.43072373
PERQUENCO,Cesfam Perquenco,Nicasio De Toro 880,-38.4653511,-72.3858838
LONQUIMAY,Hospital Lonquimay,O'Higgins N¡ã1060,-38.4551207,-71.3692575
LONQUIMAY,Gimnasio Municipal,Caupolican Nro. 900,-38.4548038,-71.369306
LONQUIMAY,Dsm Lonquimay,Ignacio Carrera Pinto 559 - Villa Icalma,-38.4546556,-71.3724376
CURACAUT?N,Gimnasio Municipal,Yungay esquina Linch s/n,-38.4443576,-71.8884822
CURACAUT?N,Dsm Curacaut¨ªn,"O`Higgins N¡ã 796, Tercer Piso",-38.4378272,-71.8889493
CURACAUT?N,Hospital Dr. Oscar Hern¨¢ndez E.,Patricio Chavez105,-38.4363649,-71.8812356
PERQUENCO,Gimnasio Liceo Isabel Poblete,21 de Mayo,-38.423345,-72.378566
GALVARINO,Dsm Galvarino,Independecia 90,-38.4161469,-72.7823935
GALVARINO,Gimnasio Municipal,Mac Iver #498,-38.41398046,-72.77620114
GALVARINO,Hospital Galvarino,Mac Iver 498,-38.4125481,-72.7847451
Tirua,C. Tirua,"Atahualpa, Tir¨²a",-38.3396495,-73.4905427
TRAIGU?N,Dsm Traigu¨¦n,Basilio Urrutia N¡ã 914,-38.250779,-72.665762
TRAIGU?N,Gimnasio Patricio Philips,Calle Santa Cruz N¡ã425,-38.2460376,-72.6778208
TRAIGU?N,Hospital Dino Stangno,21 De Mayo N¡ã 751,-38.2431589,-72.6717023
VICTORIA,Cesfam Victoria,Av. Bernardo Mu?oz Vargas N? 730,-38.2360236,-72.3319724
VICTORIA,Gimanasio Liceo Jorge Alesandri,Calama Esquina Vergara,-38.234476,-72.330797
VICTORIA,Gimnasio N¡ã3,Miraflores S/N,-38.234433,-72.3282484
VICTORIA,Hospital San Jose Victoria,Av. Dartnell 1141,-38.2340137,-72.3390329
LUMACO,Gimnasio Capit¨¢n Pastene,Montt N¡ã 15 Capitan Pastene,-38.1930768,-72.9916319
LUMACO,Cesfam Lumaco,Carlos Condell 473,-38.1665934,-72.9053994
ERCILLA,Cosultorio Ercilla,Av. Ercilla 289,-38.0640719,-72.3760118
PUR?N,Hospital Pur¨¦n,Imperial 1562,-38.0381243,-73.0752644
PUR?N,Dsm Pur¨¦n,Dr. Garriga 1081,-38.0330702,-73.0733475
Contulmo,H. Contulmo,"Las Araucarias N¡ã 1075, Contulmo",-38.0198426,-73.2319238
ANGOL,Cesfam Huequ¨¦n,Camino Los Sauces 071,-37.9834527,-72.8341312
LOS SAUCES,Consultorio Los Sauces,Ercilla 601,-37.9826676,-72.8329867
LOS SAUCES,Centro del Adulto Mayor,"R-86 850, Los Sauces",-37.9817718,-72.8364871
COLLIPULLI,Hospital Collipulli,Bulnes N¡ã 050,-37.9588538,-72.4355251
COLLIPULLI,Dsm Collipulli,Avenida Saavedra Sur #1355,-37.9582704,-72.4308423
COLLIPULLI,Escuela Benjamin Franklin,O?carrol 825,-37.9561005,-72.4369972
Alto Biob¨ªo,Cesfam Ralco,Alto Bio Bio Sin Numero,-37.8812894,-71.6368864
ANGOL,Escuela Villa Huequen,Yeli 80 Huequen,-37.8201825,-72.6688807
ANGOL,Cesfam Alemania,Baviera 445,-37.8106202,-72.6931962
ANGOL,Liceo Ceia,Barlin 541,-37.8060734,-72.7038047
ANGOL,Hospital Dr. Mauricio Heyerman,General Bonilla 695,-37.8005176,-72.6939983
ANGOL,Teatro Municipal,cerca de Municipalidad de Angol,-37.7972411,-72.7111623
ANGOL,Cesfam Piedra Del ?guila ¨C Dsm Angol,Caut¨ªn 537,-37.7960203,-72.7046822
Ca?ete,H. Ca?ete,Ruta P-60 Esquina P-520 Ca?ete,-37.7841067,-73.385435
Mulchen,Cecofs La Villa,El Hualle 0893,-37.7316704,-72.2368306
Quilaco,cesfam Quilaco,Ignacio Carrera Pinto Esq. O'Higgins,-37.6840794,-72.0047347
RENAICO,Cesfam Renaico,Cornelio Olsen 398,-37.6725564,-72.5810698
Santa Barbara,cecof de Santa Barbara,rosas 218,-37.6688446,-72.0219319
Los Alamos,C. Los Alamos,Avda Diego De Almagro,-37.6277739,-73.4650798
Lebu,C. Lebu Norte,"P-40 206, Lebu",-37.6020477,-73.6448367
Lebu,Cesfam Lebu Norte Antiguo,Ignacio carrera pinto S/N,-37.6000467,-73.6428344
Negrete,Cesfam Yenequen,"Ignacio Carrera Pinto 0206, Negrete",-37.5855819,-72.53554
Nacimiento,Hospital De La Familia Y La Comunidad De Nacimiento,av.julio hemmelmann 630,-37.5083477,-72.676056
Los Angeles,Cesfam Entre R¨ªos,"Avda. Oriente 2201, Los Angeles",-37.4914836,-72.3273466
Los Angeles,Cesfam Sur,Juan Guzman N¡ã437,-37.4857401,-72.3386746
Curanilahue,Escuela Pablo Neruda / Posta san Jos¨¦ de Colico,"Arturo P¨¦rez Canto 123, Curanilahue, B¨ªo B¨ªo",-37.4792603,-73.3362823
Los Angeles,Cesfam 2 De Septiembre,Condell N¡ã1150,-37.4773173,-72.363787
Los Angeles,Colegio Blanco Encalada,Blanco Encalada 184,-37.4736393,-72.3575297
Curanilahue,Escuela Colico sur,"Pedro Vira Oportus 35, Curanilahue, B¨ªo B¨ªo",-37.4727852,-73.3507756
Los Angeles,Liceo Bicentenario,av.ricardo vicu?a 0320,-37.4721306,-72.3434927
Los Angeles,Vacunatorio Megasalud,"Lautaro, 615. Los ?ngeles",-37.4700063,-72.3539377
Los Angeles,liceo industrial A-65,colo colo 115,-37.4693357,-72.3473006
Mariquina,Centro Integral del Adulto Mayor,Calle Arturo Prat 68 (Entre Los Carrera y Achar¨¢n),-37.46847989,-72.3659184
Los Angeles,Sede comunitaria JJVV buenos aires,galvarino 2356,-37.4683228,-72.3823356
Quilleco,Cesfam Quilleco,"Arturo Pratt #398, Quilleco",-37.4681605,-71.9806288
Los Angeles,Vacunatorio Clinica Los Andes,"Genaro Reyes 8, Los Angeles",-37.4673604,-72.3366557
Los Angeles,Cesfam Nuevo Horizonte,Aguas Calientes N¡ã2350,-37.4670598,-72.3831311
Los Angeles,Liceo Santa Fe,O?Higgins S/N,-37.46631542,-72.57990814
Los Angeles,Cesfam Santa Fe,O?Higgins S/N,-37.46579542,-72.58171174
Los Angeles,Cesfam Norte,Avda. Los Angeles N¡ã 809,-37.4640226,-72.3609594
Los Angeles,Escuela de Laja,bomberos rio seco 1164,-37.4632265,-72.3650115
Los Angeles,Cecof los pioneros,los batros 1875,-37.4629159,-72.3612251
Los Angeles,Cesfam Nororiente,Morse 1558,-37.457537,-72.3435786
Los Angeles,Escuela Thomas Jefferson,miraflores 255,-37.4565602,-72.3473529
Los Angeles,Escuela 21 de Mayo,bio bio 170,-37.4464428,-72.1416132
Los Angeles,Escuela Hogar Nieves Vasquez palacios,av. Sorvicenta 2965,-37.443532,-72.330147
Quilleco,Cesfam Canteras,"Q-385, Quilleco",-37.408116,-71.9705254
Constituci¨®n,Posta Santa Olga,Cruce Empedrado S/N Santa Olga,-37.4001394,-72.0822673
Antuco,Cesfam Antuco,"Los Carrera 499, Antuco",-37.3289411,-71.6729146
Tucapel,Cesfam Tucapel,comercio 430,-37.2951038,-71.9499036
Laja,Hospital De La Familia Y La Comunidad De Laja,Av. Los Rios 800,-37.2657254,-72.7100817
San Rosendo,Cesfam San Rosendo,"Calle Baquedano 95, San Rosendo",-37.262612,-72.7265131
Arauco,C. Campangue,"?Vicente Millan S/N, Arauco",-37.2574589,-73.243698
Arauco,Liceo San Felipe de Arauco,"Chacabuco 115, Arauco, B¨ªo B¨ªo",-37.2435457,-73.3172946
Tucapel,Hospital De La Familia Y La Comunidad De Huepil,"12 De Febrero N¡ã 233, Hu¨¦pil",-37.2414207,-71.9424499
Arauco,Cuerpo de Bomberos Tubul,avenida del mar 32,-37.2266754,-73.4455994
Rancagua,Integral,Alameda 634,-37.1793174,-72.9397888
Yungay,Escuela El Roble,Sector El Roble,-37.1739049,-72.1419703
Santa Juana,Hospital Clorinda Avello (Santa Juana),Lautaro 900,-37.1702338,-72.94572
Yungay,Liceo De Campanario,Calle Cruz Del Cipr¨¦s Esq. Av. Argentina.,-37.1361563,-72.1828494
Yungay,Cesfam Campanario,Avenida Argentina S/N,-37.1348133,-72.1877309
Yungay,Hospital De Yungay,Calle Angamos 658,-37.1230347,-72.0047984
Yungay,Escuela Rural Santa Irma,Sector De San Antonio S/N,-37.1212982,-72.013279
Yungay,"Club Deportivo, Cerca Del Hcsf Yungay",Dolores 295,-37.1211667,-72.0222007
Yumbel,Hospital De La Familia Y La Comunidad De Yumbel,"Castell¨®n N¡ã 251, Yumbel",-37.0961858,-72.5578991
Lota,Consultorio Dr Sergio Lagos Olave (Ex N? 4 Lota Bajo),"Matta 454, Lota",-37.0951091,-73.1576032
Lota,Escuela Baldomero Lillo,"Carrera 501-599, Lota, B¨ªo B¨ªo",-37.0921338,-73.1558515
Lota,colegio angel de peredo,Carrera 702 Lota,-37.091021,-73.155676
Hualqui,Hospital De Lota,Carrera 702 Lota,-37.0907198,-73.1556308
Lota,Liceo A45 Carlos Cousi?o.,"Carlos Cousi?o 351-249, Lota, B¨ªo B¨ªo",-37.0841097,-73.1617685
Lota,Centro De Salud Familiar Juan Cartes Arias,"Carlos Cousi?o 599, Lota",-37.0808256,-73.1593809
Cabrero,Cesfam Cabrero,violetas 805,-37.0409026,-72.4012985
Cabrero,Cesfam Monteaguila,Caupolican S/N,-37.0381618,-72.397607
Coronel,escuela remigio castro aburto,balmaceda 120,-37.0300325,-73.1456505
Coronel,Hospital San Jos¨¦ (Coronel),Lautaro 600,-37.0281263,-73.1368335
Coronel,Centro De Salud Familiar Yobilo,"Santos Leoncio Medel 750, Coronel",-37.0122256,-73.1505779
Coronel,liceo comercial de yobilo,"Santos Leoncio Medel 750, Coronel",-37.0117713,-73.1559159
Coronel,Centro De Salud Carlos Pinto Fierro,Manuel Montt 1500,-36.9994937,-73.1614321
Coronel,Centro De Salud Familiar Lagunillas,"Los Alamos 2428, Coronel",-36.9893423,-73.1603666
Coronel,escuela F690 arturo hughes cerna,"Los Alamos 2428, Coronel",-36.9821392,-73.1585325
Pemuco,Cesfam Pemuco,Calle Padre Jorge Herrera 1086,-36.9778917,-72.0905589
Hualqui,Centro De Salud Familiar Hualqui,"Bulnes 623, Hualqui",-36.9746501,-72.93771
Chiguayante,Escuela Grecia,Leonera Escocia 82,-36.9557099,-73.0156207
Chiguayante,ESCUELA ALEMANA,"?Calle Herrera s/n, Poblaci¨®n Papen",-36.9530936,-73.0150014
Chiguayante,Sede Villa La Pradera 2,"Calle Dos 6086,?Chiguayante,",-36.9508565,-73.01736
Chiguayante,Centro De Salud Familiar La Leonera,"Manuel Rodr¨ªguez S/N, Chiguayante.",-36.9367049,-73.0204333
Chiguayante,Centro De Salud Familiar Pinares,"La Marina 1259, Chiguayante",-36.9334387,-73.0274065
Chiguayante,COLEGIO ANDRES BELLO,Pinares 503,-36.9325178,-73.0244149
Chiguayante,Consultorio Chiguayante,"Chiguay Esquina La Marina, Chiguayante.",-36.926023,-73.0292967
Chiguayante,Centro De Salud Familiar La Leonera,"Manuel Rodr¨ªguez S/N, Chiguayante.",-36.9225699,-73.0264623
Chiguayante,Escuela John F. Kennedy,Arturo Prat 200,-36.9128256,-73.0254988
El Carmen,Hospital De El Carmen,Calle Isabel Riquelme 448,-36.8987206,-72.0342711
San Pedro de la Paz,Centro De Salud Familiar Lomas Coloradas,"Los Sauces 56, San Pedro De La Paz",-36.8855079,-73.1390719
San Ignacio,C.G.R. Pueblo Seco,Calle Ema Fuentes 911,-36.8789286,-72.0919855
San Ignacio,Punto Sector Las Quilas (8/2/21),Sector Las Quilas,-36.87558587,-72.04646023
San Ignacio,Punto Sector Diguillin (10/02/2021),Sector Diguillin,-36.8561301,-72.0275686
San Pedro de la Paz,Centro De Salud Familiar San Pedro De La Costa,"Fresia 3145, San Pedro De La Paz",-36.8487997,-73.1464163
Concepcion,Sanatorio Alem¨¢n,Pedro De Valdivia N¡ã 801 Concepci¨®n,-36.8437174,-73.0525241
Concepci¨®n,Centro De Salud Familiar Pedro De Valdivia (Concepci¨®n),Las Canchas 56,-36.8422017,-73.0560924
San Pedro de la Paz,SAR boca sur,"2¡ã Longitudinal 457, San Pedro",-36.8395303,-73.1406336
Concepci¨®n,Colegio Alonso De Ercilla,"Rancagua 114, Concepci¨®n, B¨ªo B¨ªo",-36.8367942,-73.0573837
San Pedro de la Paz,Centro De Salud Familiar San Pedro De La Paz,"Diagonal Bio Bio N¡ã 165, Candelaria, San Pedro De La Paz",-36.83541,-73.1204
Concepci¨®n,Estadio Nonguen,camino a nonguen S/N,-36.8346756,-73.0052965
Quirihue,Hospital De Quirihue,Calle Arturo Prat 145,-36.8335238,-73.0567961
Bulnes,"Escuela Pal Pal,  Santa Clara","Calle Larga 389, Santa Clara",-36.8331831,-72.3265522
Concepci¨®n,Cesfam Nonguen,"R¨ªo Loa 1397, Concepci¨®n",-36.8310042,-73.0065354
Concepci¨®n,Centro de referencia de salud municipal,san martin 262,-36.8308074,-73.0541556
Quill¨®n,Cecosf El Casino,"Camino El Casino S/N, Cerro Negro",-36.8290176,-72.4260519
Concepci¨®n,Consultorio O'Higgins,"Salas 538, Concepcion",-36.8285711,-73.0561847
Concepci¨®n,Colegio Madres Dom¨ªnicas,Freire 114,-36.8284057,-73.0579632
Concepci¨®n,Centro De Salud Familiar Juan Soto,Avenida Za?artu 849,-36.8281411,-73.0676713
Concepci¨®n,Centro Integral Del Adulto Mayor?,"Desiderio Sanhueza 393, Concepci¨®n, B¨ªo B¨ªo",-36.8280949,-73.0665898
Bulnes,Cesfam Santa Clara,"Calle Las Rosas S/N, Villa Santa Clara",-36.8265591,-72.3283702
Florida,CECOFS,"Sargento Aldea 1114, Florida Alto",-36.8249495,-72.6634869
Florida,Hospital De Florida,"Sargento Aldea 1114, Florida Alto",-36.824891,-72.659358
Concepci¨®n,Sede Club Deportivo Pedro Del R¨ªo.,"Guillermo Matta 377, Concepci¨®n, B¨ªo B¨ªo",-36.824287,-73.0688573
Concepci¨®n,Estadio Municipal desde 9:15,Collao 481,-36.8168387,-73.0245892
Concepci¨®n,Centro De Salud Familiar V¨ªctor Manuel Fern¨¢ndez,Maipu 2120,-36.816676,-73.0322796
Concepcion,Hospital Cl¨ªnico Del Sur S.A.,"Cardenio Avello 36, Concepci¨®n.",-36.8143542,-73.0314962
Concepci¨®n,Liceo De Adultos Jos¨¦ Manuel Balmaceda,"Ej¨¦rcito 899, Concepci¨®n, B¨ªo B¨ªo",-36.8115563,-73.0564844
Concepci¨®n,Casa Del Adulto Mayor,Tucapel Esq. Ejercito,-36.8113162,-73.0547319
Concepci¨®n,Centro De Salud Familiar Lorenzo Arenas,Fernandez Vial 2272,-36.8107479,-73.0679948
Concepci¨®n,Centro De Salud Familiar Tucapel,Juan De Dios Rivera 1060,-36.8100922,-73.0544545
Concepci¨®n,Colegio Marina De Chile,"Marina De Chile 2836, Concepci¨®n, B¨ªo B¨ªo",-36.8093459,-73.0733853
Concepci¨®n,Sede JJVV El Golf,"El Golf 2331 32, Concepci¨®n",-36.8092198,-73.0650754
Concepci¨®n,Sede Club Deportivo Flecha,Arturo Fern¨¢ndez Vial 2709,-36.8086146,-73.0717893
Hualpen,Cl¨ªnica Universitaria De Concepci¨®n,"Jorge Alessandri Rodriguez 2047, Hualp¨¦n",-36.8004171,-73.0717344
San Ignacio,Cesfam San Ignacio,Calle Manuel Jesus Ortiz 411,-36.7991706,-72.0306628
San Ignacio,Gimnasio De La Comuna San Ignacio,Manuel Rodriguez (Angel Hernandez Y Remberto Valdez),-36.7987473,-72.0325677
Hualpen,Centro De Salud Familiar Talcahuano Sur,"Postdam # 632, Hualp¨¦n",-36.798363,-73.0973511
Concepci¨®n,Centro De Salud Familiar Santa Sabina,"Toribio Medina N¡ã1415, Concepci¨®n.",-36.7922857,-73.0441391
Hualpen,Centro De Salud Familiar La Floresta,"Postdam # 2598, La Floresta Iii",-36.7919962,-73.1137712
Fresia,Sede Social Poblacion Arturo Prat,Fresia Urbano,-36.79094405,-73.09505049
Concepci¨®n,colegio santa sabina,Lleuque 1477,-36.7894676,-73.0428133
Concepci¨®n,Sede Villa Udec,"Abd¨®n Cifuentes 1421, Concepci¨®n, B¨ªo B¨ªo",-36.7887375,-73.0408736
Bulnes,Escuela Evarista Ogalde,"Km 9, Sector Tres Esquinas",-36.7869649,-72.20921309
Hualpen,Centro De Salud Familiar Hualpencillo,"Bulgaria # 2845, Hualp¨¦n",-36.7827482,-73.1038747
Fresia,Sede Social Poblacion Villas Unidas,Fresia Urbano,-36.78208315,-73.10318779
Concepcion,Cl¨ªnica Avansalud B¨ªo B¨ªo,"Jorge Alessandri 1315, Concepcion",-36.7814,-73.059161
Concepci¨®n,Cooperativa San Enrique,Eduardo Barrios 2465,-36.7642099,-73.0137597
Talcahuano,Centro De Salud Familiar Paulina Avenda?o Pereda,"Carlos Dittborn 4100, Talcahuano",-36.7508241,-73.1018812
Quill¨®n,Polideportivo Quill¨®n,Serrano 501,-36.7428099,-72.4696781
Quill¨®n,Cesfam Quillon,Calle Francisco Unzuenta 159,-36.741926,-72.469031
Talcahuano,Cesfam Alcalde Leoc¨¢n Portus,Manuel Barros Borgo?o 2645,-36.7403556,-73.092359
Penco,Centro De Salud Familiar Penco,"O'Higgins 500, Penco",-36.739203,-72.9929481
Bulnes,Hospital De Bulnes,Calle Balmaceda S/N,-36.7389997,-72.2983753
Talcahuano,Centro De Salud Familiar San Vicente,"Brasil 360, Talcahuano",-36.7234195,-73.1231221
Penco,Centro De Salud Familiar Lirquen,Pedro Aguirre Cerda 501,-36.720136,-72.9755595
Longav¨ª,Estaci¨®n De Enfermer¨ªa Llollinco,Paso Cu?ao S/N,-36.7084425,-72.2069301
Pinto,Cesfam Pinto,Calle Ernesto Riquelme S/N,-36.705288,-71.893792
Pinto,Posta Recinto,J.J Sotomayor S/N,-36.7,-71.8940937
Chill¨¢n,Sede La Quinta,"Pasaje La Quinta, Camino Las Mariposas",-36.6411426,-71.9877725
Tome,Centro De Salud Familiar Bellavista,"Los Cerezos N¡ã 297,?Bellavista, Tome.",-36.6346171,-72.9524569
Chill¨¢n Viejo,Cesfam M. Bachelet,"Avenida Reino De Chile 1211, Villa Rios Del Sur",-36.6310047,-72.111334
Chill¨¢n,Cecosf Los Alpes,"Pasaje 7, 1635 Los Alpes",-36.6308748,-72.0587509
Chill¨¢n Viejo,Cesfam Federico Puga,Calle Erasmo Escala 872,-36.6286762,-72.1279834
Coihueco,4 En Psr  Tanilvoro Talquipen M. Del Prado Y Bustamante,Sector M. Del Prado Y Bustamante,-36.6281927,-71.8341797
Coihueco,Colegio Guillermina Drake,"N 49, 1567",-36.6281871,-71.8331225
Chill¨¢n,Multicancha Do?a Francisca,Salto Del Itata 247,-36.6279892,-72.0732764
Chill¨¢n Viejo,Sede Comunitaria Los Rios Del Sur,Villa Rios Del Sur S/N,-36.6277864,-72.0996678
Chill¨¢n,Posta Cato,Sector Capilla Cato S/N,-36.6274814,-72.1097778
Chill¨¢n,Cesfam  San R. Nonato,Calle Colo-Colo S/N,-36.625114,-72.097315
Coihueco,Cesfam Coihueco,Calle Eleuterio Ramirez 1233,-36.6250969,-71.8285825
Chill¨¢n,Cecosf El Roble,Calle Los Espinos 745,-36.62504,-72.10197
Chill¨¢n,Cesfam Quinchamali,"Calle Principal S/N, Villa Quinchamal¨ª",-36.6245615,-72.0716875
Chill¨¢n Viejo,Centro Comunitario,Juan Martinez De Rosas 496,-36.6242427,-72.126109
Coihueco,Sede Adulto Mayor Casa Piedra,Calle Bamaceda 1006 55,-36.6222098,-71.8313633
Chill¨¢n,Cesfam Isabel Riquelme,Calle Los Batallones 1573,-36.6191795,-72.1135549
Chill¨¢n,Cesfam Los Volcanes (Estacionamiento),"Calle Los Condores 155, Villa Chiloe",-36.6186099,-72.0812758
Chill¨¢n,Escuela Marta Colvin,Reloncav¨ª 1250,-36.6181822,-72.0789897
Chill¨¢n,Sala Cuna Gotitas De Amor,Calle Maullin 1079,-36.6179241,-72.0816422
Chill¨¢n,"Sede Comunitaria N¡ã16, El Tejar","Sur Poniente, El Tejar",-36.6175666,-72.1205736
Chillan,Clinica Chillan,Calle Pedro Aguirrez Cerda 81,-36.6157494,-72.1080511
Chill¨¢n,Cesfam Sol De Oriente,"Avenida Nueva Oriente 690, Lomas De Oriente 3",-36.6154785,-72.0759968
Chill¨¢n,Sede Comunitaria Ampliaci¨®n Pur¨¦n,Avenida Espa?a 252,-36.6149187,-72.0912737
Chillan,Vacunatorio Chillan,Avenida Collin 483,-36.6143662,-72.1077136
Chill¨¢n,Cecosf Do?a Isabel,Calle Los Arellanos 1780,-36.6132889,-72.132362
Chill¨¢n,Posta Huape,Sector Huape S/N,-36.609292,-72.232118
Chill¨¢n,Cesfam Violeta Parra,Calle Francisco Ramirez 150,-36.6090251,-72.0904647
Chill¨¢n,Escuela Juan Madrid,Avenida O?Higgins 840,-36.6090014,-72.1105249
Chillan,Red Salud,Constituci¨®n 620,-36.6078164,-72.1024293
Chill¨¢n,Escuela Portugal,Antartica Chilena 549,-36.606943,-72.1277086
R¨¢nquil,Cesfam ?ipas,Calle Pedro Aguirrez Cerda 392,-36.6044553,-72.536292
Chill¨¢n,Cesfam Ultraestacion,"Avenida Mart¨ªn Ruiz De Gamboa S/N, Villa Ultraestaci¨®n",-36.6044215,-72.1204558
Chill¨¢n,Escuela Arturo Merino Benitez,Calle Yungay 148,-36.6030537,-72.087758
Chillan,Clinica Las Amapolas,Avenida Vicente Mendez 75,-36.6017147,-72.0901222
Tome,Cesfam Dr Alberto Reyes,"Avenida Nueva Aldea N¡ã 2720, Sector Los Bloques, Tome.",-36.601279,-72.9607814
Chill¨¢n,"Universidad Del Bio-Bio, Sede Fernando May","Andres Bello 720, Chill¨¢n",-36.5999008,-72.0753115
Chill¨¢n,Sede Club Deportivo Juniors,Avenida Padre Hurtado 60,-36.5971476,-72.1008932
Chill¨¢n,Sede Comunitaria Santa Cruz De Cuca,Sector Santa Cruz S/N,-36.5952533,-72.106694
San Fabi¨¢n,Cesfam San Fabian,Calle 21 De Mayo S/N,-36.5569207,-71.5507427
Tome,Centro de salud familiar dichato,"Calle Daniel Vera N¡ã 373, Dichato",-36.5485467,-72.9364694
Coihueco,Cesfam Luis Montecinos,Calle Tres Esquinas S/N,-36.5448434,-71.7812974
Talcahuano,Centro De Salud Familiar Los Cerros,"Coliumo S/N & Nueva Los Lobos, Talcahuano",-36.5430846,-72.9588613
Portezuelo,Sede Capellania,Sector Capellania S/N,-36.5311055,-72.4325275
Portezuelo,Sede Cuccha Cox,Sector El Sauce S/N,-36.53103802,-72.43200156
Portezuelo,Cesfam Portezuelo,Calle San Martin 150,-36.5297984,-72.4286603
Portezuelo,Liceo Nibaldo Sepulveda,Calle San Martin 386,-36.5276693,-72.4296519
San Nicol¨¢s,Gimnasio De San Nicolas,Balmaceda 377,-36.5038312,-72.2184972
San Nicol¨¢s,Cesfam San Nicolas,Calle Arturo Prat S/N,-36.5014759,-72.2128894
Yumbel,Sede Comunitaria San Nicolas,san nicolas 380,-36.5012307,-72.2194848
Coelemu,Escuela Francisco Pino,Excequiel Larenas 411,-36.4906257,-72.7027538
Coelemu,Hospital De Coelemu,Avenida Manuel Antonio Matta 370,-36.4901875,-72.7055397
San Carlos,"Postas De Salud Rural: Rivera ?uble, Torrecilla, Monte Blanco Toquihua Y Arizona",Sector Rural S/N,-36.47923172,-71.75675308
San Carlos,Cecofs Cachapoal,Camino Cchapoal S/N,-36.46270604,-71.73296747
Ninhue,4/2/21 Posta Rural El Sause Y El Rincon,Sector El Sauce S/N,-36.4380742,-71.8306042
San Carlos,Cesfam Teresa Baldechi,Calle Ignacio Serrano 2,-36.4345327,-71.9606096
Treguaco,Liceo Trehuaco,Gonzalo Urrejola 870,-36.43255163,-72.67058323
Treguaco,Cesfam  Trehuaco,Calle Juan Mackenna S/N,-36.42993033,-72.67122086
San Carlos,Cesfam Duran Trujillo,Calle Las Acacias 470,-36.4184,-71.96941
San Carlos,Liceo Violeta Parra,Calle El Canelo 1135,-36.4173129,-71.9706603
Ninhue,Gimnasio Municipal Ninhue Dia De Pago 5/2/2021,Gimnasio Municipal Arturo Prat 720,-36.4,-72.4
Ninhue,Cesfam Ninhue,Calle Arturo Prat 405,-36.3979944,-72.3993045
Ninhue,Sede Am Al Lado Cesfam Ninhue,Alcalde Campos Carvajal # 247 Ninhue,-36.397797,-72.39991
Yungay,Junta De Vecinos Ranchillo Bajo,Sector Ranchillo Bajo,-36.3906598,-72.0484736
?iqu¨¦n,Cesfam De ?iquen,Calle Semiramis Caro S/N,-36.2825566,-71.8139406
Quirihue,Internado Municipal Quirihue,Blanco Encalada 371,-36.2815122,-72.5417877
Chanco,Estacion Medico Rural Chanco,Chanco S/N,-36.2695044,-72.7178631
?iqu¨¦n,Escuela ?iquen,?iquen Estacion,-36.2362668,-72.0626077
Longav¨ª,Posta Loma De Vasquez,Loma De Vasquez S/N,-36.22302073,-71.44668667
Cauquenes,Posta Pocillas,Pocillas S/N,-36.1610159,-72.2307807
Longav¨ª,Posta San Jose,San Jose S/N,-36.151157,-71.5810836
Parral,Sar Parral,Delicias Norte 149,-36.1455919,-71.8241456
Parral,Liceo Federico Heisse,Urrutia #635,-36.1450079,-71.8223206
Romeral,Escuela Tres Esquinas,Tres Esquinas S/N,-36.14442506,-72.29824594
Molina,Posta Tres Esquinas,Tres Esquinas S/N,-36.14416266,-72.29362165
Parral,Cesfam Arrau M¨¦ndez,Calle Cayetano Landaeta S/N,-36.1440229,-71.8408183
Cauquenes,Posta 3 Esquinas,3 Esquinas S/N,-36.1430818,-72.2945105
Retiro,Posta Los Robles,Los Robles S/N,-36.1406801,-71.7225473
Cobquecura,Cesfam Cobquecura,Calle Chacabuco 473,-36.137193,-72.7990095
Retiro,Posta De Santa Delfina,Santa Delfina S/N,-36.1339948,-71.6735923
Cobquecura,Psr Buchupureo,Sector Buchupero S/N,-36.131556,-72.7922214
Parral,Cecosf Buenos Aires,Av. Buenos Aires 355,-36.1296704,-71.8187636
Longav¨ª,Estaci¨®n De Enfermer¨ªa La Sexta,La Sexta S/N,-36.12918806,-71.60126492
Cauquenes,Posta Cancha De Los Huevos,Cancha De Los Huevos S/N,-36.1016812,-72.4698138
Longav¨ª,Colegio El Carmen,El Carmen S/N,-36.09397831,-71.58278387
Retiro,Posta De Copihue,Copihue S/N,-36.0898875,-71.7991011
Longav¨ª,Estaci¨®n De Enfermer¨ªa Quinta Sur,Quinta Sur S/N,-36.06991967,-71.59213365
Cauquenes,Posta Quella,Quella S/N,-36.0581864,-72.0914745
Longav¨ª,Liceo Laura Urrutia,La Quinta S/N,-36.0548206,-71.5656555
Longav¨ª,Posta La Quinta,La Quinta S/N,-36.0522374,-71.5687109
Cauquenes,Posta Coronel De Maule,Coronel De Maule S/N,-36.0494428,-72.4543829
Retiro,Cesfam Marta Est¨¦vez,Av. Err¨¢zuriz S/N,-36.0489599,-71.7584573
Retiro,Posta Piguchen,Piguchen S/N,-36.0276866,-71.7486727
Longav¨ª,Posta La Tercera,La Tercera S/N,-36.02332932,-71.62077787
Longav¨ª,Escuela Cardenal Jose Maria Caro,La Tercera S/N,-36.02319043,-71.62083636
Longav¨ª,Estaci¨®n De Enfermer¨ªa Polcura,Polcura S/N,-36.0004144,-71.5400485
Linares,Posta De Vega De Sala,Sector Vega De Sala,-35.9852479,-71.31902
San Clemente,Escuela Pehuenche,Pehuenche S/N,-35.9833333,-70.4
Cauquenes,Cesfam Armando Williams,Calle Padre Hurtado S/N,-35.9825553,-72.3132705
Cauquenes,Liceo Bicentenario,Ruperto Pinochet #635,-35.980969,-72.3176196
Longav¨ª,Posta Mesamavida,Mesamavida S/N,-35.9765521,-71.5685687
Longav¨ª,Escuela Roberto Opazo,Huimeo S/N,-35.97652008,-71.56980935
Longav¨ª,Escuela Francisco Urrutia,Mesamavida S/N,-35.9706375,-71.6880228
Cauquenes,Liceo Claudina Urrutia,Catedral #525,-35.9659874,-72.316246
Longav¨ª,Cesfam Amanda Benavente,Calle 1 Norte 160,-35.9650718,-71.6852269
Cauquenes,Posta Santa Sofia,Santa Sofia S/N,-35.9650425,-72.3570983
Longav¨ª,Escuela Domingo Cuellar,San Jose S/N,-35.96498824,-71.68730695
Cauquenes,Sar Cauquenes,Balmaceda 680,-35.9642344,-72.317427
Longav¨ª,Escuela Sofia Vasuqez Rebolledo,Loma De Vasquez S/N,-35.96353963,-71.68292139
Cauquenes,Posta Cayurranquil,Cayurranquil S/N,-35.9632629,-72.6334942
Cauquenes,Posta Name,Name S/N,-35.9628526,-72.3247576
Longav¨ª,Cecosf Longav¨ª,5 Poniente N¡ã 1,-35.9621299,-71.6892075
Cauquenes,Posta Pilen,Pilen S/N,-35.9584538,-72.3303723
Cauquenes,Consultorio Armando Williams,Padre Alberto Hurtado S/N,-35.9526705,-72.349453
Cauquenes,Consultorio Poniente Dr. Ricardo Vald¨¦s Cauquenes,Calle Camino A Chanco. Km. 4 S/N,-35.9502001,-72.3474684
Longav¨ª,Estaci¨®n De Enfermer¨ªa La Puntilla,La Puntilla /N,-35.9347775,-71.5566575
Longav¨ª,Escuela Jose Miguel Carrera,Miraflores S/N,-35.918982,-71.649442
Longav¨ª,Posta Miraflores,Miraflores S/N,-35.9187578,-71.6451911
Pelluhue,Escuela Chovellen,Sector Chovellen S/N,-35.9146428,-72.6655627
Pelluhue,Escuela Blanca Bustos Chovellen,Sector Chovellen S/N,-35.9064641,-72.6610602
Longav¨ª,Estaci¨®n De Enfermer¨ªa Esperanza,Esperanza S/N,-35.89423118,-71.74590142
Longav¨ª,Estaci¨®n De Enfermer¨ªa Paso Cu?ao,Paso Cu?ao S/N,-35.8924461,-71.7489371
Retiro,Posta Villaseca,Villaseca S/N,-35.8646538,-71.8419298
Linares,Posta San Victor Alamo,Calle Carlos Ib¨¢?ez Del Campo S/N,-35.862467,-71.5923628
Linares,Posta Los Hualles,Sector Los Hualles,-35.8585936,-71.5842226
Linares,Posta Rural Llancanao,Calle Rengo S/N,-35.851365,-71.604741
Linares,Pasta Las Hornillas,Calle Colo Colo S/N,-35.8512556,-71.592465
Linares,Liceo Bicentenario Valent¨ªn Letelier,Lautaro 288,-35.8495349,-71.5952361
Pelluhue,Escuela Curanipe,Av. Padre Samuel Jofre 580,-35.8467971,-72.638267
Linares,Pasta Embalse Ancao,Sector Embalse Ancoa,-35.846407,-71.5996137
Retiro,Posta De Talhuenes,Talhuenes S/N,-35.8456131,-71.9780257
Linares,Vacunatorio Particular Clinica Linares,San Martin 669,-35.8432936,-71.6012582
Linares,Liceo Polit¨¦cnico,Av. Presidente Iba?ez S/N,-35.8402646,-71.5951676
Linares,Posta Chupallar,Sector Chupallar,-35.8371966,-71.6141078
Linares,Posta Las Toscas,Calle Los Sauces S/N,-35.8348796,-71.5964424
Linares,Posta De Vara Gruesa,Sector Vara Gruesa,-35.8318849,-71.5252231
Longav¨ª,Posta Huimeo,Huimeo S/N,-35.82678061,-71.75438724
Colb¨²n,Posta Lomas De Putagan,Camino Vecinal Lomas De Putagan,-35.8247238,-71.4528398
San javier,Posta Caliboro,Caliboro S/N,-35.8244755,-71.8994327
Pelluhue,Liceo Pelluhue,Arturo Aparicio S/N,-35.8120801,-72.5735471
Linares,Posta De Palmilla,Sector Palmilla,-35.8100235,-71.7342381
Villa Alegre,Posta Putagan,Putagan S/N,-35.7637546,-71.6653859
Colb¨²n,Cesfam Panim¨¢vida,Avenida Capit¨¢n Rebolledo S/N,-35.7607082,-71.4186564
Yerbas Buenas,Posta Puipuyen,Puipuyen S/N,-35.7553009,-71.5261881
Yerbas Buenas,Posta Semillero,Semillero S/N,-35.7511206,-71.5850215
Yerbas Buenas,Centro De Salud Ignacio Carrera Pinto,Avenida Marcial C¨¢ceres 48,-35.7507209,-71.5863731
Yerbas Buenas,Posta Maitencillo,Maitencillo S/N,-35.750077,-71.5837327
Yerbas Buenas,Emr San Juan,San Juan S/N,-35.747325,-71.582386
Chanco,Hospital De Chanco,Avenida Padre Rolando Escobar N¡ã 640,-35.7394922,-72.5322421
San javier,Posta Melozal,Melozal S/N,-35.7339703,-71.7987089
Cauquenes,Posta Sauzal,Sauzal S/N,-35.7200059,-72.1247978
Colb¨²n,Posta La Floresta,Camino San Juan,-35.71559,-71.481966
Chanco,Posta Cardonal,Cardonal S/N,-35.7109754,-72.3571779
Colb¨²n,Posta Quinamavida,Sector Quinamavida S/N Camino Vecinal,-35.699248,-71.4146915
Colb¨²n,Cesfam Colb¨²n,Calle Adolfo Novoa 236,-35.6965431,-71.4039166
Villa Alegre,Escuela Hernan Lobos,Certenejas 410,-35.6950466,-71.7300245
Villa Alegre,Posta Esperanza,Esperanza S/N,-35.69000191,-71.61431843
Villa Alegre,Escuela Timoteo Araya,Ruta L-16 395 Villa Alegre,-35.6881167,-71.7241995
Villa Alegre,Sar Villa Alegre,Avenida Francisco Antonio Encina 131,-35.686246,-71.7353588
Villa Alegre,Gimnasio Municipal De Villa Alegre (Nuevo),Centenario Guerra Del Pac¨ªfico Villa Alegre,-35.6771611,-71.7410195
Villa Alegre,Cesfam Villa Alegre,Avenida Francisco Antonio Encina 141,-35.6732265,-71.7418252
San javier,Posta Huerta De Maule,Huerta De Maule S/N,-35.6617513,-71.9453201
Villa Alegre,Posta Lagunillas,Lagunillas S/N,-35.6554533,-71.6532991
Villa Alegre,Posta Pe?uelas,Pe?uelas S/N,-35.6517709,-71.5802732
Chanco,Posta El Colo,El Colo S/N,-35.6442236,-72.4945621
Colb¨²n,Posta Maule Sur,Callejon Escuela Maule Sur,-35.6361711,-71.4019009
San Clemente,Escuela Las Lomas,Las Lomas S/N,-35.62796135,-71.74395115
San javier,Posta Sauce,Sauce S/N,-35.62323288,-71.67671954
Villa Alegre,Cecosf Loma De Las Tortillas,Loma De Las Tortillas S/N,-35.62249366,-71.7471793
Yerbas Buenas,Emr Santa Ana,Santa Ana S/N,-35.6224195,-71.4880684
Chanco,Posta Pahuil,Pahuil S/N,-35.6178673,-72.5705263
Yerbas Buenas,Posta Orilla De Maule,Orilla De Maule S/N,-35.6176928,-71.5397687
San javier,Posta Alquihue,Alquihue S/N,-35.60174887,-71.73356968
San javier,Cecosf San Pablo,Pobl. San Pablo S/N,-35.5983973,-71.74344748
San javier,Posta Aromo,Aromo S/N,-35.598337,-71.7319406
San javier,Escuela Municipal Jose Manuel Balmaceda,Tacna 1433,-35.5941355,-71.7354093
Chanco,Posta Quiluine,Quiluine S/N,-35.59353251,-72.52816868
San javier,Posta Villavicencio,Villavicencio S/N,-35.59290086,-71.88949458
San javier,Cesfam Dr. Carlos D¨ªaz Gidi,Avenida Chorrillos Sur S/N,-35.5926333,-71.7272262
San Clemente,Escuela Colorado,Colorado S/N,-35.59216153,-71.37108111
Chanco,Posta Loanco,Loanco S/N,-35.5906244,-72.6079003
San Clemente,Escuela Bramadero,Bramadero S/N,-35.59052824,-71.31422131
Empedrado,Consultorio Empedrado,Avenida Bueras S/N,-35.59021793,-72.28187388
Empedrado,Sar Empedrado,Avenida Bueras S/N,-35.59015629,-72.28191647
San Clemente,Escuela Queri,Queri S/N,-35.58827046,-71.429788
San javier,Posta Rastrojos,Rastrojos S/N,-35.58283645,-72.11434094
San Clemente,Escuela Vilches Alto,Vilches Altos S/N,-35.58236187,-71.10666824
San Clemente,Escuela Los Almendros,Los Almendros S/N,-35.58205506,-71.46050969
San Clemente,Escuela Los Montes,Los Montes S/N,-35.57698936,-71.28100662
San Clemente,Escuela Bajo Perquin,Bajo Perquin S/N,-35.5678575,-71.3392902
San Clemente,Escuela Vilches Centro,Vilches Centro S/N,-35.5667295,-71.16996019
San Clemente,Escuela Paso Nevado,Paso Nevado S/N,-35.5597693,-71.4959452
Maule,Escuela Callejones,Ruta K-635 Km 4,-35.5575982,-71.5652035
San Clemente,Escuela Chequen,Chequen S/N,-35.557184,-71.5649015
Maule,Escuela Duao,Duao S/N,-35.5547091,-71.596329
San Clemente,Escuela Corralones,Corralones S/N,-35.5510269,-71.4195779
Maule,Escuela Qu?ipeumo,Qui?ipeumo S/N,-35.5477716,-71.6395925
San javier,Posta Nirivilo,Nirivilo S/N,-35.5436478,-72.0911603
San Clemente,Cecosf San M¨¢ximo,Villa Las Rosas San M¨¢ximo,-35.5428558,-71.4848176
San Clemente,Escuela Leopoldo Garcia,Nro 308 San Clemente,-35.536468,-71.489371
San Clemente,Escuela Bella Union,Bella Union S/N,-35.536422,-71.4894525
San Clemente,Polideportivo San Clemente,Av. Huamachuco 1125,-35.5363851,-71.4923716
San Clemente,Escuela San Clemente,San Clemente S/N,-35.534931,-71.4859101
San Clemente,Escuela Mariposas,Mariposas S/N,-35.52963913,-71.41762804
San Clemente,Escuela Ramadilla,Ramadilla S/N,-35.5283472,-71.5029372
San Clemente,Cesfam San Clemente,Avenida Huamachuco S/N,-35.527797,-71.5031328
Maule,Cesfam Maule,Balmaceda 495,-35.5250053,-71.6950454
San Clemente,Cecosf Chile Nuevo,Los Almendros S/N,-35.52004375,-71.51599548
San Clemente,Cecosf Aurora,Calle Jos¨¦ Miguel Carrera S/N,-35.5197822,-71.51557881
San Clemente,Escuela Flor Del Llano,Flor Del Llano S/N,-35.5035333,-71.5274258
Maule,Escuela Linares De Perales,Linares De Perales S/N,-35.4981144,-71.9014123
San Clemente,Escuela Punta Diamante,Punta De Diamante S/N,-35.4947016,-71.32176876
Maule,Escuela Numpay,"Ruta K-620 Km 4,5 Numpay",-35.49092109,-71.70559291
Maule,Centro Comunitario Numpay,Numpay S/N,-35.4909191,-71.70559239
San Clemente,Escuela Quebrada Agua Sta Elena,Sta Elena S/N,-35.4877869,-71.46565284
Maule,Escuela Chacarillas,Km 259 Maule,-35.4830758,-71.6568034
Maule,Sede Social Oficina Municipal Maule Norte,29 Sur 1038,-35.4600686,-71.6625912
Maule,Cecosf Villa Francia,Calle Balmaceda 580,-35.4598152,-71.6631491
Maule,Escuela Villa Cobin,Camino P¨²blico S/N Villa Cobin,-35.4524465,-71.6876021
Maule,Escuela Col¨ªn,Colin S/N,-35.4499405,-71.6902157
Talca,Escuela El Culenar,"Calle Arturo Prat, El Culenar",-35.4498864,-71.6847032
San Clemente,Escuela Aurora,Aurora S/N,-35.44874085,-71.66811537
San Clemente,Escuela Peumo Negro,Peumo Negro S/N,-35.4480994,-71.4155343
Talca,Cesfam Julio Contardo Urz¨²a,Calle 15 Sur Con 10 Oriente S/N,-35.4467953,-71.6554615
Talca,Escuela Carlos Trupp,31 Oriente 10 1/2 Sur,-35.4450105,-71.6332615
Pencahue,Escuela Corinto,Corinto S/N,-35.4423251,-71.8669687
Talca,Cesfam Villa Magisterio,Calle 21 Poniente Con 27 Sur S/N,-35.4421189,-71.6983226
Talca,Escuela San Miguel,Av. San Miguel Las Rastras,-35.4393915,-71.6133498
Talca,Escuela El Eden,14 Sur Con 6 Poniente #350,-35.4347501,-71.6761186
Talca,Centro De Salud La Florida,Avenida Los Nogales S/N,-35.4330887,-71.6024175
Talca,Cesfam Carlos Trupp,Calle 8 Sur S/N,-35.4314337,-71.6772897
Pelarco,Escuela El Manzano,Ruta K-455,-35.4274898,-71.4067096
Talca,Escuela Las Americas,20 Sur Con 9 Oriente,-35.4240752,-71.6541474
Pelarco,Escuela Hernan Ciudad,Ruta K-55,-35.423356,-71.5996877
Talca,Escuela El Sauce,Km 10 Mercedes,-35.4232444,-71.6484804
Talca,Posta Mercedes,Sector Mercedes S/N,-35.4220484,-71.6328647
Talca,Cesfam Faustino Gonz¨¢lez,Calle 17 Oriente 2360,-35.4188051,-71.6377932
Talca,Cesfam Bicentenario,Ramadillas De Lircay 3320,-35.4153138,-71.6061613
Talca,Escuela Esperanza,9 Norte 15 Y 16 Oriente,-35.4153015,-71.6548325
Talca,Consultorio Jos¨¦ Dionisio Astaburuaga,Calle 12 Norte S/N,-35.4135654,-71.652167
Talca,Cesfam Las Am¨¦ricas,Calle 19 Norte 3000,-35.4128988,-71.6394891
Talca,Escuela Prosperidad,6 Oriente 12 Norte,-35.4119138,-71.6566387
Pencahue,Escuela Santa Laura Lo Figueroa,Lo Figueroa S/N,-35.4108246,-71.7597955
Talca,Complejo Educacional Javiera Carrera,19 Nte 6 Ote S/N,-35.4031106,-71.6493639
Pencahue,Complejo Educacional Pencahue,K-60-J 890,-35.3961315,-71.7992627
Pencahue,Escuela Pedro Luis Oliva Navarrete Batuco,Batuco S/N,-35.3959587,-71.7988408
Pencahue,Cesfam Pencahue,Calle Fernando Parot Silva 148,-35.3929204,-71.8073778
Pelarco,Cesfam Pelarco,Av. Cintura S/N,-35.3844154,-71.4423852
Pelarco,Escuela Pablo Correa Montt,Ruta K-45,-35.3828572,-71.3481545
Pelarco,Liceo De Pelarco,Av. San Pedro S/N,-35.3826707,-71.4495828
Constituci¨®n,Cesfam Cerro Alto,Calle Diagonal S/N,-35.340851,-72.4174946
Constituci¨®n,Sar Constituci¨®n,Av. Santa Mar¨ªa 172,-35.3407384,-72.4199489
Constituci¨®n,Cecosf Chacarillas,Piedra De La Iglesia 1040,-35.3404464,-72.4231081
Constituci¨®n,Cesfam Constituci¨®n,Av. Sta. Mar¨ªa 417-543,-35.3324945,-72.4170382
Constituci¨®n,Union Comunal De Adulto Mayor,Calle Za?artu Esquina Montt,-35.3322375,-72.4140151
San Rafael,Gimnasio Municipal San Rafael,Av. Oriente S/N,-35.3090884,-71.5204999
San Rafael,Consultorio San Rafael,Avenida Oriente S/N,-35.3039869,-71.5156138
Rio Claro,Posta Los Robles,Los Robles S/N,-35.2822479,-71.2521668
Pencahue,Escuela Osvaldo Hiriart Corvalan,Botalcura S/N,-35.2810758,-71.779865
Rio Claro,Consultorio Cumpeo,Los Olivos S/N,-35.2808267,-71.2599507
Curepto,Posta Coipue,Coipue S/N,-35.2704716,-72.0689595
Curepto,Posta Gualleco,Gualleco S/N,-35.2466715,-71.9842224
Rio Claro,Posta El Bolsico,El Bolsico S/N,-35.2453682,-71.1862061
Rio Claro,Posta Camarico,Camarico S/N,-35.2204339,-71.4231462
Curic¨®,Escuela Potrero Grande,Camino Potrero Grande S/N,-35.1809476,-71.1056437
Molina,Posta Yacal,Yacal S/N,-35.178423,-71.1380769
Curepto,Posta Rapilermo,Rapilermo S/N,-35.171788,-71.8248056
Rio Claro,Posta El Porvenir,El Porvenir S/N,-35.1621417,-71.2874643
Molina,Jardin Infantil Hormiguita De Itahue,Itahue S/N,-35.1425842,-71.3650075
Molina,Posta Itahue,Itahue S/N,-35.1414325,-71.3657387
Molina,Escuela Quechereguas De Pichingal,Calle Principal S/N De Pichingal,-35.1189877,-71.2098114
Molina,Posta Pichingal,Pichingal S/N,-35.11689,-71.2135375
Molina,Escuela Las Palmas De 3 Esquinas,3 Esquinas S/N,-35.1164987,-71.2829759
Curepto,Posta Huaquen,Huaquen S/N,-35.1159196,-71.695101
Curepto,Posta Las Lomas,Las Lomas S/N,-35.1147297,-72.1755966
Molina,Hospital Molina,Av. Luis Cruz Martinez S/N,-35.1101802,-71.2900248
Molina,Posta Radal,Radal S/N,-35.1056127,-71.2991238
Molina,Escuela San Pedro,Dr. Hurtado 1817,-35.1055623,-71.2935015
Curepto,Hospital Curepto,"Pedro Antonio Gonz¨¢lez N? 24, Curepto",-35.0987443,-72.0119442
Curepto,Posta Estancill,Estancil S/N,-35.0937188,-72.0182165
Huala?e,Posta La Huerta,La Huerta S/N,-35.0901057,-71.6580385
Molina,Casa Saludable Chile Crece Molina,Av. Hospital 2140 Lontu¨¦,-35.0567954,-71.2688602
Molina,Cesfam Lontu¨¦,Hospital S/N Lontue,-35.055816,-71.2740779
Rauco,Escuela Los Almendros,Camino Viejo Palquibudi,-35.040222,-71.5571515
Curepto,Posta Limavida,Limavida S/N,-35.032104,-71.7702491
Curepto,Posta Calpun,Calpun S/N,-35.0304228,-72.0420519
Licant¨¦n,Liceo Augusto Santelices Valenzuela (Basica),Alejandro Rojas S/N Licanten,-35.0230524,-72.0647855
Romeral,Escuela Gislen Bernucci,Ruta J57 Avda. El Peumal S/N,-35.01347198,-71.05712632
Romeral,Sede Social Peumal,"Avenida Peumal, S/N",-35.01342547,-71.05669052
Romeral,Posta Peumal,"Avenida Peumal, S/N",-35.01314435,-71.05719074
Sagrada Familia,Consultorio Villa Prat,Calle Principal S/N,-34.9995593,-71.3811573
Curic¨®,Escuela Estado Unidos,Camino Los Niches Km 10 Curico,-34.9994546,-71.2486533
Romeral,Sede Social Los Que?es,Avenida La Junta S/N,-34.99911395,-70.81301897
Romeral,Posta Los Que?es,Avenida La Junta S/N,-34.99907937,-70.81308818
Curic¨®,Escuela Los Conquistadores,Av. Mataquito #915,-34.9985581,-71.2496837
Sagrada Familia,Consultorio Sagrada Familia,Calle Presb¨ªtero Tom¨¢s Correa,-34.9984205,-71.3445822
Curic¨®,Escuela Argentina,Av. Huaiquillo 358,-34.9962588,-71.242727
Curic¨®,Cesfam Miguel ?ngel Arenas L¨®pez,Avenida Balmaceda 179,-34.9913179,-71.2485074
Maule,Centro Educacional Maule,Balmaceda 470,-34.9867797,-71.2488443
Curic¨®,Cesfam Los Niches,Calle Villa Santa Elena S/N,-34.9831132,-71.2347847
Curic¨®,Consultorio Col¨®n,Calle Balmaceda S/N,-34.9827032,-71.2492455
Curic¨®,Escuela Brasil,Carmen #1080,-34.9788573,-71.239428
Curic¨®,Consultorio Curic¨®,Avenida Freire 189,-34.9766836,-71.2377999
Curic¨®,Colegio Alesandri,Av. Alesandri #1700,-34.9763087,-71.2137759
Curic¨®,Consultorio Ex Sol De Septiembre,Av. Alessandri 1290,-34.9762973,-71.214104
Huala?e,Hospital De Huala?¨¦,"Av. Libertad S/N, Huala?¨¦",-34.9759233,-71.8054158
Romeral,Escuela Guaico Centro,Guaico Centro S/N,-34.9744967,-71.0508448
Huala?e,Posta Espinalillo,Espinalillo S/N,-34.9725157,-71.7993371
Curic¨®,Consultorio Sol De Septiembre,Calle Piloto Marcelo Oxilia 1550,-34.9703255,-71.2180518
Romeral,Escuela Fernando Lazcano,Guaico 3 S/N,-34.9696578,-71.0176082
Curic¨®,Escuela Padre Hurtado,Tierra Del Fuego S/N Esquina Islas Autrales Santa Fe,-34.96713,-71.244148
Romeral,Escuela Am¨¦rica Latina,"Ruta J-55, Las Catreras",-34.9612573,-71.1261212
Romeral,Posta Calabozo,"Avenida Ram¨®n Freire S/N, Ruta J55",-34.9612118,-71.1253147
Romeral,Sede Social Calabozo,"Ruta J55 Km 19,8",-34.9611952,-71.1251026
Romeral,Cesfam Romeral,Pasaje Luis Saiz 196,-34.9597853,-71.1270248
Romeral,Escuela Gerardo Rodr¨ªguez,Ram¨®n Freire Km. 20,-34.9578507,-71.1239718
Rauco,Escuela Luis Leyton Rubio,Camino La Costa Ruta J60 Km 14,-34.955054,-71.3462655
Romeral,Liceo Arturo Alessandri Palma,Av.Brasil # 630,-34.9532395,-71.1231845
Huala?e,Posta Barba Rubia,Barba Rubia S/N,-34.9438614,-71.6523823
Licant¨¦n,Colegio Manuel Aviles (Iloca ),Agustin Besoain S/N,-34.9422504,-72.186304
Curic¨®,Cesfam Sarmiento,Calle Volc¨¢n Calbuco S/N,-34.9374006,-71.1955946
Curic¨®,Escuela Maria Olga Figueroa,Principal 91 Sarmiento,-34.9347476,-71.2013496
Rauco,Centro Comunitario Comuna De Rauco,Balmaceda #58,-34.92476032,-71.31626054
Rauco,Escuela De Rauco,Balmaceda #37,-34.92444012,-71.31673383
Rauco,Consultorio Rauco,Avenida Bernardo O¡¯Higgins S/N,-34.9229883,-71.3175774
Teno,Posta Santa Blanca,Sector Santa Blanca,-34.9201753,-71.0289616
Rauco,Escuela La Alborada,Los Alisos Rauco,-34.9011689,-71.25692
Rauco,Escuela Plumero,Cruce Las Cuatro Bocas S/N,-34.887674,-71.2778827
Rauco,Liceo Polivalente La Palmilla De Rauco,La Palmilla S/N,-34.8857971,-71.2963987
Vichuqu¨¦n,Centro De Salud Vichuqu¨¦n,Calle Luis Cruz Mart¨ªnez,-34.8787585,-71.9942729
Licant¨¦n,Hospital Licanten,Av. Lautaro S/N,-34.8776774,-71.165004
Teno,Hospital De Teno,"Arturo Prat, Teno",-34.8718904,-71.1638794
Teno,Centro De Salud Morza,Calle Sector Morza S/N,-34.8702993,-71.1664033
Vichuqu¨¦n,Escuela Playa Linda Lipim¨¢vida,Lipimavida S/N,-34.8512535,-72.1415915
Vichuqu¨¦n,Escuela Lago Vichuquen Aquelarre,Aquelarre S/N,-34.8507992,-72.038061
Teno,Centro De Salud Comalle,Calle Capellan¨ªa S/N,-34.8478016,-71.2703054
Vichuqu¨¦n,Gimnasio Municipal De Vichuqu¨¦n,Ignacio Carrera Pinto C/ Oscar Beltr¨¢n,-34.840559,-72.0215879
Chepica,Liceo San Jose Del Carmen,?Avenida Central S/n.,-34.7290264,-71.2785119
Chimbarongo,Hospital Chimbarongo,Calle Arturo Prat 36,-34.7034702,-71.0367964
Nancagua,Escuela Puquillay Bajo,Camino P¨²blico S/N,-34.6823641,-71.203356
Nancagua,Escuela Puquillay Alto,Camino Publico S/n Entre Copa De Agua Potable Rural Y Paradero?,-34.6523209,-71.1968597
Nancagua,Hospital Nancagua,18 de Septiembre 362,-34.6506816,-71.2045748
Nancagua,Escuela De Yaquil,Camino P¨²blico S/N,-34.6480043,-71.1998983
Paredones,Cesfam Paredones,Avda. Dr. Moore N¡ã 84,-34.6477897,-71.899616
Placilla,Cesfam Placila,Av Lord Cochrane N? 683,-34.6337953,-71.1108273
Santa Cruz,Escuela Especial De Santa Cruz,Av. Cabello 150,-34.6324213,-71.3592116
Santa Cruz,Cesfam Chepica,18 de Septiembre N¡ã S/N,-34.6256084,-71.3501753
San Fernando,Colegio Guissepe Bartolucci,Jos¨¦ Miguel. Carrera N¡ã488,-34.5976901,-70.9698885
Palmilla,Escuela Margot Loyola,calle Presidente An¨ªbal Pinto N? 039,-34.5937016,-71.3640566
San Fernando,Centro Integral Enfermeria,"Carampangue 560, San Fernando, O'Higgins",-34.5875277,-70.9908778
San Fernando,Neumann Y Bertin,"Carampangue 708, San Fernando, O'Higgins",-34.5852633,-70.9901846
San Fernando,Gimnasio Municipal,Av. Manso de Velasco 541-575,-34.5792224,-70.9874596
San Fernando,Vacunatorio Centinela,Monse?or Larra¨ªn 1172,-34.5777675,-70.9964609
San Fernando,Cesfam Centro,Manso de Velasco S/N esq Juan Jim¨¦nez,-34.5737556,-70.9918994
Malloa,Escuela Los Maquis,Los?Maquis?S/n,-34.4866555,-70.8275227
Peralillo,Liceo Victor Jara,Av. Err¨¢zuriz 251?,-34.4806639,-71.4774228
Peralillo,Cesfam Peralillo,Cardenal Caro S/N,-34.4781443,-71.4776582
Malloa,Escuela Limahue,Camino Publico?Limahue?N? 116,-34.4635816,-70.9239888
Malloa,Cesfam Pelequen,Av Santa rosa S/N,-34.4540348,-70.8931096
Peralillo,Posta Poblacion,"Calle Hermanas Morales, Poblaci¨®n, Peralillo",-34.4488229,-71.5512474
Malloa,Cesfam Malloa,Bernales N¡ã 126,-34.4413437,-70.9441995
Malloa,Escuela Panquehue,Enrique Caceres Urbina 542,-34.4405567,-70.9447591
San Vicente,Cesfam San Vicente,Av. Central 460,-34.4349435,-71.0913748
Rengo,Vida Rengo,Jos¨¦ Bisquert 354,-34.4077893,-70.8644159
Malloa,Escuela Corcolen,C¨®rcolen Malloa?Callejon Del Rio Km. 05.,-34.4063217,-70.9992108
Rengo,Cesfam Rosario,San Ignacio N¡ã 145,-34.4028433,-70.8608394
Rengo,Cesfam Oriente Rengo,Jos¨¦ Miguel Carrera S/N,-34.3995358,-70.8501741
Marchigue,Hospital Marchigue,Laureano Cornejo N¡ã410,-34.3991314,-71.6173743
Marchigue,Posta Pailimo,Calle Caser¨ªo?Pailimo?S/N,-34.3961235,-71.6200289
Rengo,Cesfam Rengo,Avda. Arturo Prat N? 1850,-34.3938477,-70.8490182
Peumo,Hospital Peumo,San Juan de Dios N¡ã 20,-34.3893727,-71.1719975
Pichilemu,Hospital Pichilemu,Jorge Err¨¢zuriz 181,-34.3868239,-72.0131275
Pichilemu,Ucam ( Union Comunal De Clubes De Adulto Mayor),Arturo Prat 99,-34.3850143,-72.0059752
Pichidegua,Hospital Pichidegua,O'Higgins N¡ã 160,-34.3560474,-71.2857906
Quinta Tilcoco,Liceo Republica De Italia,Av. German Castro 208-210,-34.3540072,-70.9650488
Pichilemu,Posta Cardonal De Panilonco,Sector?Cardonal De Panilonco,-34.2920588,-71.8830433
Las Cabras,Cesfam Las Cabras,John Kennedy N¡ã 506,-34.29049,-71.3070764
Coltauco,Cesfam Coltauco,Avda. Arturo Prat N¡ã 42,-34.2881698,-71.0839348
Requinoa,Gimnasio Municipal De Requinoa,?Tromen s/n,-34.2866812,-70.8211772
Coinco,Hospital Coinco,"Francisco D¨ªaz Mu?oz 157, Coinco",-34.26968,-70.9511881
Do?ihue,Cesfam Do?ihue,Dr. Sanhueza S/N,-34.2228727,-70.9614191
Olivar,Cesfam Olivar,"Rafael Estrada N¡ã 200, Olivar Alto",-34.2118345,-70.8150763
La Estrella,Cesfam La Estrella,21 de Mayo N? S/N,-34.2081248,-71.6539661
Olivar,Cesfam Gultro,Calle Orocoipo S/N,-34.2031024,-70.7566776
Do?ihue,Cesfam Lo Miranda,Las Carmelitas S/N,-34.1984084,-70.8899214
Rancagua,Fusat,Carr del Cobre 1002,-34.1842527,-70.7242194
Rancagua,Isamedica,Carr del Cobre 884,-34.1828396,-70.7270344
Machal¨ª,Cesfam Machali,Miranda N? 420,-34.1798173,-70.6511887
Rancagua,Cesfam N¡ã 2,?Almarza N? 1064,-34.1797164,-70.7397501
Rancagua,Escuela Espa?a,"Almarza 1045, Rancagua",-34.1782413,-70.7400783
Rancagua,Colegio Manuel Rodriguez,"Miguel Ram¨ªrez 1201, Rancagua",-34.1748235,-70.7091783
Rancagua,Megasalud,German Riesco 206,-34.1707321,-70.7381848
Rancagua,Cesfam N¡ã3,Bombero Villalobos N? 010,-34.1677543,-70.7053623
Rancagua,Cesfam N¡ã 1,Av Baquedano N? 626,-34.16684,-70.76413
Rancagua,Colegio Santa Filomena,Los Olivos 1462,-34.1664248,-70.7135128
Rancagua,Cesfam 5,?Juan Mart¨ªnez de Rozas N?01265,-34.163335,-70.7194961
Rancagua,Liceo Santa Cruz De Triana,Avenida Constanza 01710,-34.1522819,-70.7115365
Rancagua,Cesfam N¡ã 6,Av. Constanza 1790 Pobl. Vicu?a,-34.1491472,-70.7092423
Rancagua,Colegio El Cobre,"Pedro Luna 1101, Rancagua",-34.1376928,-70.7436113
Rancagua,Cesfam N¡ã 4 Rep¨²bica,?Av. Nelson Pereira N? 2411,-34.1370019,-70.7406465
Litueche,Ex Internado Comunal,Bernardo O'higgins s/n,-34.117272,-71.725176
Litueche,Hospital Litueche,Cardenal Caro 783,-34.116286,-71.7296469
Graneros,Colegio Sixto Mendez,"Guillermo Berrios 236, Graneros",-34.0714394,-70.7242928
Graneros,Hospital Graneros,"Av. la Compa?¨ªa 550, Graneros",-34.0668298,-70.7312359
Codegua,Cesfam Codegua,"O¡¯Higgins N¡ã 376, Codegua",-34.0405349,-70.6681518
Codegua,Liceo Municipal,Calle B (Barrio Civico) 255,-34.0355482,-70.6684725
Mostazal,Cesfam Mostazal,Calle Luco N¡ã 400,-33.9779729,-70.707638
Navidad,Cesfam Navidad,Plaza General Bonilla N¡ã 24,-33.952994,-71.830627
IMPERIAL,Cecosf El Alto,San Pedro 586,-33.8950912,-71.4563779
PAINE,Escuela Republica Estados Unidos (CESFAM Carol Urzua),Mendoza 785,-33.8081642,-70.7363707
PAINE,VACUNATORIO ESTADIO TRICOLOR,18 DE SEPTIEMBRE 115,-33.8077531,-70.7421466
San Ignacio,Cesfam Quiriquina,Calle Central S/N,-33.73382562,-70.74484057
BUIN,Centro Cultural de Buin (CECOSF Nuevo Buin),Carlos Condell 501,-33.7312305,-70.7425848
MELIPILLA,Cesfam Florencia,Av. Libertad 1923 (ex 2211),-33.6858668,-71.2180485
MELIPILLA,Liceo Gabriela Mistral,Serrano 183,-33.6826819,-71.2131956
MELIPILLA,Colegio Ignacio Serrano,Serrano 121,-33.68208,-71.2129406
TALAGANTE,Cesfam Alberto Allende Jones,Esmeralda 2049,-33.6696128,-70.9377293
Santo Domingo,Santo Domingo,Calle Las Hortensias 146,-33.6439397,-71.6124549
SAN BERNARDO,Cesfam Padre Joan Alsina,Fernando M¨¢rquez de La Plata 5,-33.6140543,-70.6979357
Fresia,Sede Social Poblacion Maine,Fresia Urbano,-33.61346884,-70.56147433
Rio Claro,Posta Pe?aflor,Pe?aflor S/N,-33.6094754,-70.8724076
PE?AFLOR,Cesfam Pe?aflor,Costa Rica 1000,-33.6090845,-70.8958548
PAINE,Polideportivo Alberto Larraguibel,Av Colon Sur 0673,-33.5895589,-70.7057028
LA PINTANA,Colegio Marcelino Champagnat,Sexto de L¨ªnea 13540,-33.589321,-70.6162936
LA PINTANA,"Estadio Municipal La Pintana, avenida ciudad de M¨¦xico 1503, 09:00 a 17:00 L V",Avenida ciudad de M¨¦xico 1503,-33.585096,-70.6360626
PUENTE ALTO,Parque Gabriela,Av. concha y toro 3214 (entrada por seminaristas),-33.5801899,-70.5826608
PUENTE ALTO,Parque Gabriela,Av. concha y toro 3214,-33.5801211,-70.5819396
SAN BERNARDO,CESFAM CAROL URZUA,MENDOZA #0785 ESCUELA EEUU,-33.5767201,-70.7039126
Retiro,Posta San Marco,San Marco S/N,-33.5614146,-70.67348231
LA PINTANA,"Club de Campo La Pintana, Santa Rosa 10812, 09:00 a 17:00 L V",Santa Rosa 10812,-33.5608885,-70.6297424
EL BOSQUE,Centro Gerontologico,Baquedano 11015,-33.5542992,-70.6662137
Retiro,Posta San Ramon,San Ramon S/N,-33.55234158,-70.63518423
SAN RAMON,CESFAM Poetisa Gabriela Mistral,Aurora de Chile 9872,-33.5522702,-70.6412405
LA GRANJA,Colegio Poeta Neruda,Cantos General 331,-33.5510256,-70.6288032
EL BOSQUE,Liceo Juan G¨®mez Villa,Gran Avenida Jose Miguel Carrera 9740,-33.5494028,-70.6708106
SAN RAMON,Centro Cultural San Ram¨®n,Santa Rosa N¡ã9441,-33.5487166,-70.6333207
SAN RAMON,CESFAM La Bandera,Av. Vicu?a Mackenna 1758,-33.5457651,-70.6449169
LA FLORIDA,Estadio Bicentenario,Enrique Olivares 1003,-33.5403982,-70.5779927
LA GRANJA,Coelgio Tecno Sur,Av. San Gregorio 140,-33.5373545,-70.6311181
LA GRANJA,Liceo Malaqu¨ªas Concha,Quilpue 7852,-33.5281447,-70.6217454
LA CISTERNA,Gimnsasio Municipal Manuel Rodriguez,Almirante Neff Norte 352,-33.5279874,-70.6581826
MAIP?,CESFAM Carlos Godoy,El Conquistador 1565,-33.5274412,-70.7965937
LO ESPEJO,Gimnasio Municipal,Av Americo Vespucio 03303,-33.5259425,-70.693195
LA GRANJA,Parroquia San Pedro San Pablo,Padre Esteban Gumucio 498,-33.520245,-70.6277057
LA GRANJA,Estadio Sargento Aldea,Calle F 330,-33.518854,-70.6261949
LO ESPEJO,Colegio Hernan Olguin Maibee,Vi?a del Mar 7041,-33.5156729,-70.6769068
MAIPU,Colegio San Martin,5 de abril 439 (M a V),-33.5104402,-70.762223
MAIPU,Plaza Los Toros,Alberto Llona 1899,-33.5093063,-70.7545741
El Tabo,Cesfam El Tabo,Avenida San Marcos 729,-33.5074739,-71.6134575
PAC,Escuela Consolidada Davila,Jose Juan Prieto Vial 6075,-33.5073828,-70.6700787
SAN JOAQUIN,Colegio Fray Camilo Henriquez,Huara 5369,-33.5060714,-70.6240393
MACUL,Gimnasio Parroquia Salesianos,Av. Macul 5950,-33.50510445,-70.59083554
MAIPU,CESFAM Maipu,Av. Pajaritos N¡ã2470,-33.5048307,-70.7575332
MACUL,Parroquia Salesianos,Avenida Macul 5950,-33.50480672,-70.59033724
CERRILLOS,Gimnasio Municipal,Caletera Amercio Vespucio 914,-33.5042259,-70.7305652
PAC,Escuela Villa Sur,Los Molles 2973,-33.502075,-70.6824624
CERRILLOS,CESFAM Sof¨ªa Pincheira,Av. Las Torres 7590,-33.5015875,-70.7334508
CERRILLOS,CESFAM Dr Norman Voullieme,Salomon Sack N¡ã977,-33.49365481,-70.71922036
CERRILLOS,CESFAM Norman Voullieme,Salom¨®n Sack 1323,-33.49347684,-70.71992325
SAN MIGUEL,Liceo Betzabe Hormazabal,Gaspar Banda 4047,-33.4903435,-70.6561203
San Juan de la Costa,Centro De Salud Familiar Puaucho,Calle Norte Sur S/N,-33.48683614,-70.62341422
PE?ALOLEN,Centro Cultural CHIMKOWE,Av. Grecia 8787,-33.4773144,-70.5410769
ESTACI?N CENTRAL,Escuela B¨¢sica Carolina Vergara Ayares,Coyhaique N¡ã6055,-33.4735656,-70.7051147
ESTACI?N CENTRAL,CESFAM Chuchunco,Coyhaique 6025,-33.4734745,-70.705884
MAIP?,CESFAM Luis Ferrada,Tierra F¨¦rtil 5161,-33.4731925,-70.7561073
ESTACI?N CENTRAL,CESFAM Padre Vicente Irarr¨¢zaval,Veintiuno de Mayo 1854,-33.4729459,-70.6917906
?U?OA,UMCE,Doctor Luis Bisquert 2765,-33.4671132,-70.6031245
?U?OA,Polideportivo Juan Moya,Juan Moya 1370,-33.46692016,-70.58833915
SAN RAMON,CESFAM La Bandera,"Av. Vicu?a Mackenna #1758,",-33.4667944,-70.6261071
SANTIAGO,CESFAM Padre Orellana,Padre Orellana 1708,-33.4664265,-70.6296331
SANTIAGO,Gimnasio Jose Manuel Lopez,Santa Elena 1675,-33.4662187,-70.628874
?U?OA,Colegio Brigida Walker,San Eugenio 1100,-33.4622422,-70.6246858
ESTACI?N CENTRAL,Piscina Municipal,Los Nardos 5880,-33.4615664,-70.7092268
El Tabo,Casa Del Adulto Mayor,San Nicolas S/N,-33.4576116,-71.6612156
SANTIAGO,Junta de vecinos Blanco Encalada,Zenteno 826,-33.4561281,-70.6510727
SANTIAGO,CESFAM N¡ã 5,ULA 98,-33.4541162,-70.6731911
PUDAHUEL,Cesfam Violeta Parra,Av. Travesia 7447,-33.4538068,-70.7583645
LA REINA,Centro Odontol¨®gico,Cordillera 25,-33.4525037,-70.5346044
LA REINA,Centro Odontol¨®gico,Cordillera 25-auto PNI,-33.4524801,-70.5346622
ESTACI?N CENTRAL,CESFAM Las Mercedes,Embajador Quintana 5090,-33.4520329,-70.7039298
LO PRADO,Cesfam Ra¨²l Yazigi,Caleta Iquique 214,-33.4518556,-70.7159177
SANTIAGO,Estadio Victor Jara,Arturo Godoy 2750,-33.4508548,-70.6745784
PUDAHUEL,Cesfam Pudahuel Poniente,Federico Err¨¢zuriz 620,-33.4480054,-70.7623191
LO PRADO,Cesfam Pablo Neruda,Dorsal 6147,-33.4442688,-70.7233493
PROVIDENCIA,Gimnasio Sta Isabel (Al costado de CESFAM Dr. Alessandri),Los Jesuitas 827,-33.444241,-70.620773
PROVIDENCIA,CESFAM Dr. Alessandri,Los Jesuitas 857,-33.44415885,-70.6204577
PROVIDENCIA,Castillos Los Jesuitas (Al costado de CESFAM Dr. Alessandri),Los Jesuitas 857,-33.44395488,-70.6197631
SANTIAGO,"CAM (cierra por hoy, abre ma?ana)",Matucana 272,-33.4431302,-70.6799299
LO PRADO,Cesfam Santa Anita,Calmino de Loyola 5302,-33.4381413,-70.7092711
LO PRADO,Cesfam Carlos Avenda?o,Tte Cruz 1087,-33.4367296,-70.7405894
Nancagua,Gimnasio De Cunaco,Ismael Valdes Vergara S/N,-33.4366032,-70.6414409
PUDAHUEL,Cesfam Pudahuel Estrella,Av. San Francisco 8698,-33.4364422,-70.750822
QUINTA NORMAL,Cesfam Andes,Andes 4242,-33.4341266,-70.6928191
CERRO NAVIA,Cesfam Artuto Albertz,Av. Las Torres 1204,-33.4335696,-70.7309545
QUINTA NORMAL,Cesfam Garin,Janequeo 5662,-33.4304188,-70.7139902
RECOLETA,Escuela Rep¨²blica de Paraguay,Av Recoleta N? 480,-33.4268797,-70.6470401
RECOLETA,Dibam,Av. Recoleta N? 683,-33.4245568,-70.6454287
QUINTA NORMAL,Cesfam Lo Franco,Av Carrascal 4459,-33.4225318,-70.6947761
INDEPENDENCIA,Hospital San Jos¨¦,Carpa al lado de Servicio de Urgencia,-33.420435,-70.656033
CERRO NAVIA,Cesfam Cerro Navia,Sado 7965,-33.4196975,-70.7510167
CERRO NAVIA,Cesfam Adalberto Steeger,Huelen 1629,-33.4186085,-70.7410888
CERRO NAVIA,Cesfam Lo Amor,Neptuno 2198,-33.4182384,-70.7172767
INDEPENDENCIA,Carpa Hospital San Jose,Profesor Za?artu 1011-1057,-33.4175467,-70.6531657
INDEPENDENCIA,Polideportivo Municipal,Enrique Soro 1103,-33.4173162,-70.6710625
LAS CONDES,Estadio Municipal Paul Harris,Av. Paul Harris 701,-33.4110117,-70.5361383
RECOLETA,Cesfam Patricio Hevia,Los Cipreses N? 1892,-33.410279,-70.6312295
RENCA,Instituto Cumbres de Condores Oriente,Av Dorsal 1365,-33.4051425,-70.7036902
RENCA,Cesfam Renca,Av J.M. Balmaceda 4420,-33.4031242,-70.7102463
RECOLETA,Escuela Victor Cuccuini,Las Violetas N? 37,-33.4024576,-70.6349937
El Quisco,Colegio Clara Solovera,Calle Isidoro Dubornais 635,-33.4019527,-71.6942241
RENCA,Instituto Cumbres de Condores Poniente,Av Brasil 7968,-33.3978073,-70.7511846
El Quisco,Cesfam El Quisco,Calle Isidoro Dubornais 250,-33.39745,-71.69434
CONCHAL?,Liceo Abd¨®n Cifuentes,Dorsal N? 1387,-33.396194,-70.6631781
CONCHAL?,Escuela Camilo Henriquez,Parral N? 2154,-33.3888175,-70.6784894
VITACURA,Vitavecino Nicol¨¢s Gogol,Nicol¨¢s Gogol 1637,-33.3863883,-70.562655
RECOLETA,Escuela Escritores de Chile,Arcoiris N? 4045,-33.3854732,-70.6449386
CONCHAL?,Balneario Municipal,Diego Silva N? 1309,-33.3837,-70.6634801
HUECHURABA,Gimnsasio Municipal,Guillermo Subiabre 690,-33.3743488,-70.6381069
HUECHURABA,Ginmasio Municipal de Huechuraba,Av. Guillermo Subiabre N? 705,-33.3741203,-70.6379447
Algarrobo,Cesfam Algarrobo,Calle El Retamo 2249,-33.3652831,-71.6682631
LO BARNECHEA,Parque Las Rosas,Av. Ra¨²l Labb¨¦ 14711,-33.36201048,-70.49524823
LO BARNECHEA,Parque Las Rosas,El Tranque 10.300,-33.3609333,-70.5412286
LO BARNECHEA,Centro Cultural El Tranque,Av. Ra¨²l Labb¨¦ 14711,-33.36091186,-70.54123202
LO BARNECHEA,Centro Cultural El Tranque,Av. El Tranque 10300,-33.3608,-70.5413209
QUILICURA,Escuela El Ma?¨ªo (337),21 de Mayo N? 7010,-33.3576747,-70.7292718
QUILICURA,Escuela Ana Frank,Santa Luisa N? 268,-33.3563363,-70.7375694
QUILICURA,Polideportivo Municipal,Costanera F¨¦rrea N? 0495,-33.3555669,-70.713274
Casablanca,Hospital San Jos¨¦ De Casablanca,Calle Yungay 124,-33.3188311,-71.4082293
COLINA,Cl¨ªnica Dental Escolar,"La Inmaculada Concepci¨®n N? 418, Colina",-33.2046664,-70.6716439
Quilpu¨¦,Posta Colliguay,Colliguay S/N¡ã,-33.1688156,-71.1501172
Quilpu¨¦,Escuela La Retuca,"La Retuca, Quilpu¨¦",-33.1374138,-71.3447754
Valparaiso,Parroquia San Pablo De Placilla,"Avenida Central Con Calle Segunda,",-33.111799,-71.5740159
Valparaiso,Cesfam Placilla,Avenida Central S/N,-33.1007601,-71.6623085
Quilpu¨¦,Escuela Teniente Serrano,"Marga Marga 40, Quilpu¨¦",-33.0698241,-71.4123752
Villa Alemana,Colegio Diego Portales,Av. Bernardo Leighton 070,-33.0669739,-71.3629509
Valparaiso,Cesfam Reina Isabel Ii,Avenida Washington 1926,-33.06089172,-71.59245559
Quilpu¨¦,Colegio Eleuterio Ram¨ªrez,"Ovalle 1810, Quilpu¨¦",-33.0602733,-71.4244102
Villa Alemana,Colegio Italo Composto Scarpati,Av. La Palma 598,-33.0597174,-71.3708124
Valparaiso,Cesfam Sapu Placeres,Calle Colo Colo S/N,-33.0594105,-71.5952083
Valparaiso,Cesfam Las Ca?as,Calle Los Alerces S/N,-33.0591939,-71.6068665
Valparaiso,Cesfam Rodelillo,Pasaje La Merced 4350,-33.0588012,-71.5771579
Vi?a Del Mar,Cecosf Las Palmas,"Calle R¨ªo Tolten 185-189, Forestal Alto",-33.0587971,-71.5376379
Villa Alemana,Colegio Juan Bautista Alberdi,Los Algarrobos S/N¡ã,-33.0586914,-71.3925687
Valparaiso,Cesfam Puertas Negras + Psr Laguna Verde,Calle Monted¨®nico S/N,-33.05820621,-71.63869143
Valparaiso,Cesfam Padre Damian De Molokai,Calle Cabriter¨ªa Norte 2055,-33.0578171,-71.5641358
Valparaiso,Escuela David Bengurion,"Calle Demostenes 237, Cerro Las Ca?as",-33.0574875,-71.6080851
Villa Alemana,Cesfam Eduardo Frei,"Sta. Margarita S/N, Villa Alemana",-33.0571091,-71.3769131
Villa Alemana,Cesfam Jbbv,"Las Araucarias 750, Villa Alemana",-33.0553209,-71.3909264
Quilpu¨¦,Liceo Polit¨¦cnico Marga-Marga,"Los Pinos, Quilpu¨¦",-33.0550515,-71.4369036
Valparaiso,Jean Y Marie Thierry,Calle Blas Cuevas 985,-33.052558,-71.609883
Vi?a Del Mar,Cesfam Nueva Aurora,Variante Agua Santa P/ 5,-33.0519371,-71.5580139
Quilpu¨¦,Colegio Theodor Heuss,"Ortiz Vega 1381, Quilpu¨¦",-33.0519192,-71.4677914
Quilpu¨¦,Liceo G. Gronemeyer,"David Cort¨¦s 1015, Quilpu¨¦",-33.0496612,-71.4371531
Quilpu¨¦,Colegio Gaspar Cabrales,"El Ocaso 365, Quilpu¨¦",-33.0494806,-71.4150019
Valparaiso,Cesfam Marcelo Mena,Avenida Alemania 5360,-33.0490986,-71.631226
Quilpu¨¦,Colegio Industrial Andr¨¦s Bello,"Diego De Almagro 222, Quilpu¨¦",-33.048463,-71.403575
Quilpu¨¦,Liceo Gastronom¨ªa Y Turismo,"Diaguitas 1751, Quilpu¨¦",-33.0483365,-71.4215381
Villa Alemana,Colegio Charles Darwin,Venecia Sur 336,-33.0482174,-71.3876082
Villa Alemana,Colegio Mary Graham,Porvenir 1135,-33.0477434,-71.3793703
Valparaiso,Cesfam Cordillera,Calle Castillo 656,-33.047238,-71.6126885
Vi?a Del Mar,Cesfam Las Torres,"Avenida La Paz Esquina Pakarati, Forestal Alto",-33.0465601,-71.5391431
Villa Alemana,Colegio Manuel Montt,Manuel Montt 400,-33.0462963,-71.35342
Quilpu¨¦,Liceo Comercial Alejandro Lubet,"Freire 945, Quilpu¨¦",-33.0454454,-71.4394276
Valparaiso,Escuela Paraguay,"Avenida Matta 1147, Placeres",-33.0444131,-71.5883944
Quilpu¨¦,Colegio Coggzai,"Jos¨¦ Uribe 152, Quilpu¨¦",-33.044326,-71.410451
Villa Alemana,Liceo Polit¨¦cnico A38,Av. Valpara¨ªso 133,-33.0440772,-71.3659922
Villa Alemana,Cesfam Villa Alemana,"Quinta 032, Villa Alemana",-33.0436552,-71.3639028
Quilpu¨¦,Colegio Aconcagua,"Camino Troncal Antiguo 1940, Quilpu¨¦",-33.0414538,-71.4774194
Villa Alemana,Colegio Nuevo Amanecer,Alonso De Ercilla 150,-33.0405418,-71.3626122
Valparaiso,Plaza Justicia,Calle Plaza Justicia 99,-33.0396217,-71.6299462
Villa Alemana,Escuela Barros Arana,Rafael Fabres 2597,-33.039158,-71.3970178
Valparaiso,Cefsam Baron,Calle Blanco Viel 661,-33.0390744,-71.6007708
Vi?a Del Mar,Cesfam Brigida Zavala,"Avenida Blanca Vergara N¡ã1792, Forestal Alto",-33.0380641,-71.5412344
Quilpu¨¦,Colegio Luis Cruz Mart¨ªnez,"Santiago 588, Quilpu¨¦",-33.0379725,-71.40543
Villa Alemana,Posta Las Am¨¦ricas,"Pedro V¨ªctor Contreras, Villa Alemana",-33.0378567,-71.3930343
Quilpu¨¦,Liceo T¨¦cnico Profesional Mannheim,"Los Lunes 171, Quilpu¨¦",-33.037449,-71.484014
Valparaiso,Escuela Cirujano Videla,"Avenida Matta 3965, Placeres Alto",-33.0366314,-71.594694
Quilpu¨¦,Colegio Jos¨¦ Miguel Infante,"Granada 1557, Quilpu¨¦",-33.0357698,-71.4407037
Valparaiso,Cesfam Quebrada Verde,Calle Quebrada Verde 1405,-33.0326178,-71.6399365
Vi?a Del Mar,Cecosf Villa Hermosa,"Avda. Alemania 850, Villa Hermosa",-33.0320599,-71.4832004
Vi?a Del Mar,Cesfam Marco Maldonado,"Alvarez N¡ã1682, Vi?a Del Mar",-33.029556,-71.5401449
Vi?a Del Mar,Cesfam Juan Carlos Baeza,"Avenida Tamarugal N¡ã350, El Olivar",-33.0253496,-71.4919984
Valparaiso,Cesfam Esperanza,Calle Galvarino 7,-33.025031,-71.643228
Vi?a Del Mar,Cesfam Miraflores,Avda. Eduardo Frei Esq.El Membrillo S/N,-33.0202872,-71.5155128
Vi?a Del Mar,Cesfam Lusitania,"Bellavista N¡ã1228, Miraflores Alto",-33.0166956,-71.4908767
Cabildo,Hogar De Ancianos Anita Garcia,Calle Principal S/N La Vi?a,-33.0153481,-71.5500276
Vi?a Del Mar,Cecosf Achupallas,Calle Anita Lizana Con Pangal Paradero,-33.0142642,-71.5027717
Limache,Escuela Teniente Merino,"Sgto Aldea 357, Limache",-33.0081859,-71.2604411
Vi?a Del Mar,Cesfam Cienfuegos,"Calle 7 Entre 21 Y 22 Norte, Sta In¨¦s",-33.0057385,-71.5349569
Vi?a Del Mar,Cecosf Sta. Julia,"Avda. Campos De Flores 46, Santa Julia",-32.999914,-71.503493
Limache,Hospital Santo Tom¨¢s,"Carelmapu S/N¡ã, Limache",-32.9975134,-71.2729302
Olmu¨¦,Escuela Atenas,"Arturo Prat 101, Olmu¨¦",-32.9953003,-71.1814763
Vi?a Del Mar,Cesfam Dr. Jorge Kaplan,"Avenida Quinta 875 Paradero 8 ?, Re?aca Alto",-32.9948057,-71.4791932
Vi?a Del Mar,Cesfam Gomez Carre?o,"19 Poniente N¡ã5650, 4¡ã Sector, G¨®mez Carre?o",-32.9920862,-71.525672
Olmu¨¦,Cesfam Manuel Lucero (Solo Vacunaci¨®n Funcionarios),"Lo Rojas 2250, Olmu¨¦",-32.9908515,-71.1810095
Limache,Escuela Brasilia,"Av. Jose Tom¨¢s Urmeneta 599, Limache",-32.9881567,-71.2690826
Quillota,Escuela Abel Guerrero,Cintura San Pedro N¡ã 223,-32.9393548,-71.2779632
Con Con,Cruz Roja,Av Concon Re?aca Con Los Alerces,-32.9339821,-71.539463
Con Con,Delegaci¨®n Rural,Costado Escuela Puente Colmo,-32.9336666,-71.4391579
Con Con,Avanzada Cultural,Costado Cesfam/Cha?arcillo1150,-32.9286746,-71.5147283
Quillota,Ces Silva Henr¨ªquez,Avda. Las Industr¨ªas S/N,-32.8919816,-71.2617805
Quillota,Cesfam San Pedro,Avda. Ren¨¦ Schneider S/N,-32.8902511,-71.2410252
Quillota,Cesfam La Palma,Avda. San Francisco S/N¡ã,-32.8851897,-71.2073453
Quillota,Cecof Santa Teresita,Avda. Vicu?a Mackenna N¡ã 525,-32.8838332,-71.2385262
Quillota,Escuela Roberto Matta,La Concepci¨®n N¡ã 261,-32.8808676,-71.2457972
Quillota,Casa De Acogida,Condell N¡ã 300,-32.8808151,-71.2424991
Quillota,Escuela M¨¦xico,El Progeso N¡ã 1329 Pobl. Said,-32.8803027,-71.2497156
Quillota,Cecof Cerro Mayaca,Aconcagua N¡ã 13,-32.8725191,-71.2529166
Quillota,Cesfam Boco,Avda. Balmaceda S/N,-32.8720429,-71.2660427
Calle Larga,Cesfam Jose Joaquin Aguirre,Calle La Pampilla 164,-32.85974,-70.62362
Quillota,Cecof Ruta Norte,Teniente Riquelme N¡ã 230,-32.8591969,-71.2342935
La Cruz,Colegio Domingo Santa Cruz Wilson,Pocochay S/N,-32.8504912,-71.1901111
La Cruz,Colegio Leonardo Da Vinci,Calama 47,-32.84961517,-71.23076439
Rinconada,Cesfam Rinconada,Calle Alborada S/N,-32.8455311,-70.6890496
Catemu,Cesfam Dr. Eduardo Raggio,Calle Prat S/N,-32.8448101,-70.6021418
Llayllay,Cesfam,Calle San Francisco 76,-32.8431345,-70.9547808
COYHAIQUE,PSR BALMACEDA,Steffens Esq. Las Heras,-45.90994447,-71.69758233
Los Andes,Cesfam Centenario,Avenida Per¨² 487,-32.8398525,-70.6033164
Los Andes,Liceo Max Salas Marchant,Chacabuco 437,-32.8369536,-70.6007576
Los Andes,Escuela Espa?a,Independencia 255,-32.8338389,-70.5938412
Los Andes,Cesfam Cordillera Andina,Calle Papudo Norte 151,-32.8280931,-70.5976522
Hijuelas,Escuela De La Sombra,La Sombra Romeral S/N,-32.8265178,-71.0628937
La Cruz,Colegio Mar¨ªa Alonso Chac¨®n,Simpson 18,-32.82568777,-71.22555496
La Calera,Posta Pachacama,Calle Libertad N? S/N,-32.81853251,-71.17535744
La Cruz,Colegio Lo Rojas,Lo Rojas,-32.8175303,-71.2515631
La Cruz,Colegio Bolonia,Calle Dos Poblaci¨®n Bolonia,-32.8066826,-71.230429
La Calera,Posta Pachacamita,Camino Principal Pachacamita N? 48,-32.8057955,-71.1755325
Hijuelas,Liceo Luis Laborda,Manuel Rodr¨ªguez 1746,-32.8021254,-71.1448833
San Esteban,Cesfam San Esteban,Calle Arturo Prat 312,-32.8004995,-70.5798032
Hijuelas,Cesfam Ocoa,El Nogal 201 Rabuco,-32.7986559,-71.1463438
Santa Mar¨ªa,Centro Comunitario De Salud Familiar Las Cadenas,Pueblo El Llano S/N,-32.79259986,-70.63023543
La Calera,Cesfam La Calera,Calle 33 #1934 La Calera,-32.7873293,-71.2073986
La Calera,Colegio Irma Sapiain (Desde El 8 De Feb) Junta De Vecinos Manuel Rodriguez,Aldunate 299 Calle Alessandri S/N,-32.7872544,-71.1909455
Panquehue,Cesfam Maria Elena Pe?aloza,Calle El Peral S/N,-32.7827005,-70.8516845
La Calera,Cecosf El Trigal,Cochrane # 782 La Calera,-32.78249977,-71.19467242
Catemu,Polideportivo Comunal,Ingnacio Carrera Pinto S/N,-32.7774091,-70.9642928
La Calera,Cesfam Artificio,Camilo Henr¨ªquez #88 Artificio,-32.7758282,-71.1884463
Quintero,Salon Francisco Coloane,Estrella De Chile 210 Ubicado En La Plaza El Deportista,-32.7723101,-71.5333
San Felipe,Cesfam San Felipe El Real,Calle Sargento Cajales 1900,-32.7589541,-70.725645
San Felipe,Gimnasio Curimon,Ruta 60 S/N Sector 3 Esquinas,-32.7576048,-70.7368475
Santa Mar¨ªa,Cesfam Santa Mar¨ªa,Calle Irarr¨¢zabal 246,-32.7493263,-70.658228
Puchuncavi,Centro Educacional Sargento Aldea,Calle Bellavista 372 Ventanas,-32.7414873,-71.4864424
San Felipe,Cesfam Seguismundo,Avenida Santa Teresa 370,-32.7389709,-70.7244855
Nogales,Cecosf El Pol¨ªgono,"Los Zorzales 10, Nogales",-32.7363601,-71.2169895
Nogales,Cesfam Nogales,"Aldunate S/N¡ã, Nogales",-32.7353872,-71.2044019
Puchuncavi,Casa De La Cultura Puchuncavi,Avenida Bernardo Ohiggins N¡ã140,-32.7259938,-71.4162176
La Higuera,Cesfam La Higuera,La Paz S/N,-32.71808784,-70.65027038
Puchuncavi,Sede Pescadores De Horcon,"Calle Principal S/N, Horcon ( Al Lado De Posta Horcon)",-32.71117,-71.488544
Santa Mar¨ªa,Posta De Salud Rural Santa Filomena (Santa Mar¨ªa),Lo Galdamez S/N,-32.709753,-70.6397396
Nogales,Cecosf Ex Asentamiento El Mel¨®n,"El Mel¨®n, Nogales",-32.6884096,-71.2108023
Nogales,Cesfam El Mel¨®n,Gustavo Filippi Murato 601,-32.6777954,-71.2227859
Putaendo,Cesfam Valle Los Libertadores,Avenida Alessandri 196,-32.62261,-70.71819
Zapallar,Cesfam Catapilco,San Alfonso 316,-32.5942939,-71.3634758
Zapallar,Cesfam Zapallar,Moises Chac¨®n 68,-32.5554964,-71.4558414
Papudo,Cesfam Papudo,El Peumo 1200,-32.506235,-71.4366282
Cabildo,Psr Las Puertas,Calle Principal S/N,-32.48437038,-70.9321851
La Ligua,Colegio Gabriela Mistral,Calle Serrano 51,-32.4500378,-71.2322465
La Ligua,Sede Bellavista,Calle Bellavista S/N Valle Hermoso,-32.45,-71.1900092
Papudo,Psr Pullally,Avd. Las Salinas S/N Pullaly,-32.4371584,-71.3046888
Cabildo,Sede Covid,Calle Domeyko 616,-32.4268239,-71.0645998
Cabildo,Psr La Vi?as,Calle Principal S/N,-32.42580809,-71.0661048
Cabildo,Psr Artificio,Calle Prinicpal S/N Artificio,-32.3943964,-71.0947244
Cabildo,Psr Alicahue,Caserio S/N Alicahue,-32.3511981,-70.7820895
Los Vilos,Hospital Los Vilos,Arauco 400,-31.9153576,-71.5128822
Salamanca,Hospital Salamanca,Av Manuel Infante 891,-31.7742769,-70.9711497
Illapel,Cesfam Villa San Rafel,Mario Ahumada 50,-31.6388355,-71.19148387
Illapel,Sede Social Villa San Rafel,Mario Ahumada 50,-31.63819632,-71.19203787
Illapel,Cesfam Urbano,El Mirador 211,-31.63742,-71.1779513
Canela,Cesfam Canela,Joel Mu?oz 495,-31.3989114,-71.4554903
Combarbal¨¢,Plaza De Armas De Combarbal¨¢,Plaza de Armas,-31.1783185,-71.0021302
Combarbal¨¢,Hospital Combarbal¨¢,Comercio 650,-31.176253,-71.0066429
Monte Patria,Cesfam Caren,Mac Iver s/n,-30.849666,-70.769932
Punitaqui,Estadio Municipal,Carlos Galleguillos s/n,-30.8353098,-71.2570776
PUNITAQUI,CESFAM Punitaqui,Carlos Galleguillos s/n,-30.8306828,-71.2577615
Monte Patria,Cesfam El Palqui,Pedro Leon Gallo s/n,-30.7673881,-70.9435665
Monte Patria,Cesfam Monte Patria,Poniu 80,-30.6966462,-70.9586159
Monte Patria,Cesfam Cha?aral Alto,Bernardo Ohiggins s/n,-30.6959949,-70.9641633
Ovalle,Estadio Diaguitas,La Chimba 522,-30.6075907,-71.2057755
Rio Hurtado,Cesfam Rio Hurtado,Calle Unica s/n,-30.4745926,-71.0474749
Coquimbo,Cesfam Tongoy,Fundicion Norte 127,-30.2579824,-71.4914809
Andacollo,Hospital De Andacollo,Urmeneta 2,-30.2276556,-71.0853859
Coquimbo,Cesfam Pan De Azucar,Esfuerzo campesino s/n,-30.0549248,-71.246349
Vicu?a,Hospital Vicu?a,Ignacio Carrera Pinto s/n,-30.03826,-70.710638
Vicu?a,Cesfam San Isidro De Calingasta,18 September 0101,-30.0326781,-70.7080736
Paiguano,Cesfam De Paiguano,Balmaceda s/n,-30.0222361,-70.518926
Coquimbo,Cesfam El Sauce,Los Olivos 851,-29.9961546,-71.3375736
Coquimbo,Cesfam Sergio Aguilar,Alessandri 1035,-29.9662682,-71.2632458
Coquimbo,Techado Coquimbo,Santiago Trigo 520,-29.965946,-71.3367532
Coquimbo,Cesfam Tierras Blancas,Linares 915,-29.9621717,-71.2560314
Coquimbo,Techado Tierras Blancas,Talca 1145,-29.9620282,-71.2524987
Coquimbo,Cesfam San Juan,JJ Oliver s/n,-29.9590009,-71.3389183
Coquimbo,Cesfam Lila Cortes,Regimiento Arica 1405,-29.9559589,-71.2475192
Coquimbo,Cesfam Santa Cecilia,Las Heras 1100,-29.9500248,-71.3449578
La Serena,Cesfam Cardenal Caro,4 esquinas s/n,-29.9345465,-71.2560955
La Serena,Vacunatorio Ead,Francisco Ariztia 2763,-29.9342828,-71.2441541
La Serena,Colegio Luis Braille,4 esquinas 89,-29.9329435,-71.2594598
La Serena,Vacunatorio Emi,Cisternas 1750,-29.919284,-71.245136
La Serena,Cesfam Pedro Aguirre Cerda,Emilio Bello 918,-29.9162688,-71.2189042
La Serena,Coliseo Municipal,Juan Antonio Rios 461,-29.9127898,-71.2531757
La Serena,Vacunatorio La Serena,Balmaceda 1015,-29.908893,-71.250164
La Serena,Cesfam Emilio Schaffhauser,Francisco de Aguirre S/N,-29.9058613,-71.2602211
La Serena,Cesfam Las Compa?ias,Esmeralda s/n,-29.8776453,-71.2469902
La Serena,Polideportivo Las Compa?ias,Av Vi?a del Mar s/n,-29.8724565,-71.2363763
La Serena,Cesfam Juan Pablo Ii,Isidora Campa?a 3397,-29.8680865,-71.2299378
Alto del Carmen,Cesfam A. Del Carmen,Manuel Rodr¨ªguez esq Serrano,-28.7581737,-70.4869354
Vallenar,Ccr (Antiguo Cesfam Joan Crawford),Av Espa?a s/n,-28.5917986,-70.7463131
Vallenar,Cesfam Joan Crawford,Av Los Escritores,-28.5890091,-70.7599823
Vallenar,Junta De Vecinos Poblaci¨®n Quinta Valle,Sector Quinta Valle,-28.5836153,-70.7486987
Vallenar,Junta De Vecinos Ventanas,Av. Paraguay esquina Ecuador,-28.5757953,-70.7571009
Vallenar,Centro Comunitario,Ram¨ªrez esq Erasmo Escala S/N,-28.5732193,-70.7648501
Vallenar,Sede Abuelitas Esperanza,Avda Lautaro 1230 Pob Hmnos Carrera,-28.5696335,-70.7622652
Huasco,Posta Rural Huasco Bajo,Las Heras SN,-28.4744217,-71.1781003
Huasco,Cesfam Huasco,Las Heras SN,-28.4664,-71.2192
Tierra Amarilla,Posta Salud Rural Los Loros,Ferrocarril SN,-27.491516,-70.2643451
Tierra Amarilla,Cesfam Tierra Amarilla,"Lorenzo Jofr¨¦ S/N,",-27.4690528,-70.2664473
Copiap¨®,Esc Hern¨¢n M¨¢rquez Huerta,Nueva Prat s/n Estaci¨®n Paipote,-27.4113777,-70.2786827
Copiap¨®,Esc El Palomar,Calle El R¨ªo Esq. Vicu?a El Palomar,-27.3833452,-70.3320349
Copiap¨®,Esc Bruno Zavala,Oriente 3-B #73 Santa Elvira,-27.379243,-70.3223169
Copiap¨®,Esc Jes¨²s Fern¨¢ndez Hidalgo,"Cerro Blanco 323, Pob. Rosario",-27.375051,-70.337874
Copiap¨®,Esc Los Estandartes,Almirante Latorre Esq. Caupolic¨¢n,-27.3697933,-70.3135595
Copiap¨®,Escuela Pedro Le¨®n Gallo,Miguel Gallo #815,-27.3615958,-70.3251187
Copiap¨®,Esc Abraham Sep¨²lveda,Juan Mart¨ªnez #361,-27.3576203,-70.3471582
Caldera,Esc Edac,Calle La Pi?a,-27.0764881,-70.8117303
Caldera,Cediman,Calle Lebu,-27.0720706,-70.8118546
Caldera,Estadio Fco Bustos,Calle Carvallo,-27.0691417,-70.8241599
Portezuelo,Escuela San Francisco,Sector San Francisco,-36.57282534,-72.47995304
Diego de Almagro,Esc Aliro Lamas,Avda Diego de Almagro 400,-26.3883455,-70.045588
Cha?aral,Escuela Jos¨¦ Luis Olivares,Carrera 1586,-26.3425083,-70.616505
Taltal,"Hospital 21 de Mayo, Sal¨®n Comunitario",serrano #850,-25.40685,-70.48209
Antofagasta,Estadio Escolar (Avda. Angamos) CECOSF Coviefi,Avenida Angamos #602 / Santa Rita #032165,-23.6787256,-70.409466
Antofagasta,Escuela Jap¨®n,Juan Sebasti¨¢n #1315,-23.6509279,-70.3975022
Antofagasta,Centro de Salud Familiar Central Oriente,Avenida Padre Alberto Hurtado,-23.64955,-70.3855302
Antofagasta,Ferrocarril de Antofagasta a Bolivia (FCAB),Bol¨ªvar #255,-23.6447532,-70.396953
Antofagasta,Liceo Industrial,Pasaje Placilla #485,-23.6147455,-70.3830669
Antofagasta,Centro de Salud Familiar Valdivieso,Cerro Pedregal #8755,-23.5865502,-70.3759663
Antofagasta,Estacionamiento Centro de Salud Familiar Juan Pablo II de Antofagasta,Huamachuco con Julio Montt Salamanca,-23.5816576,-70.3810406
Antofagasta,Hospital de Campa?a (Centro de Salud Familiar Norte),Bandera #7891,-23.5772414,-70.37965
Antofagasta,Centro de Salud Familiar Dra. Maria Cristina Rojas Neumann (Frontis),Hilda Cruz Colina #10130,-23.5697636,-70.3769397
Mejillones,Escuela Julia Herrera Varas,Bernardo O'higgins #555,-23.1040822,-70.4471898
San Pedro de Atacama,Escuela E-26,Ignacio Carrera Pinto #499,-22.9118964,-68.1965716
Sierra Gorda,Posta de Salud Rural Sierra Gorda,Salvador Allende #211,-22.8908762,-69.320548
Sierra Gorda,Posta de Salud Rural Baquedano,Aconcagua S/N,-22.8905098,-69.3199799
Calama,Liceo B-8 (2¡ã semana),Anibal Pinto #2278,-22.4582277,-68.9317048
Calama,Centro Comunitario de Salud Familiar Sur,"Bernardo O'Higgins 538, Calama",-22.4543923,-68.9293819
Calama,Liceo Jorge Alessandri (2¡ã semana),Avenida Granaderos #3464,-22.4468414,-68.9281349
Calama,Escuela Pedro Vergara Keller (2¡ã semana),Guatemala #3686,-22.4421516,-68.9327456
Mar¨ªa Elena,Centro de Salud Familiar Mar¨ªa Elena,Diego de Almagro S/N,-22.3413695,-69.6636915
Tocopilla,Hospital Dr. Marcos Macuada,Santa Rosa S/N,-22.0890726,-70.1929308
Pica,Cesfam Juan Marquez Vizmarra,Avda. Juan M¨¢rquez con Esquina Santa Cruz,-20.4884844,-69.3320534
Alto Hospicio,Consultorio Urbano Dr. Hector Reyno,"Avda. Las Am¨¦ricas N¡ã3080, sector La Pampa",-20.2843674,-70.1018183
Alto Hospicio,Cesfam Dr. Yandry A?azco,calle Los Lagos N¡ã4320,-20.2805162,-70.0827909
Alto Hospicio,Cecof La Tortuga,calle Santa Rosa N¡ã3355,-20.2754351,-70.1082395
Alto Hospicio,Cesfam Dr. Pedro Pulgar Melgarejo,Avda. Los Alamos N¡ã3101,-20.2649839,-70.1005814
Pozo Almonte,Cesfam Pozo Almonte,Calle Estaci¨®n N¡ã748,-20.2613719,-69.7799126
Iquique,Cesfam Guzm¨¢n,Salvador Allende N¡ã2736,-20.2565842,-70.1283193
Iquique,Cesfam Sur,Playa El Aguila S/N,-20.251327,-70.1314193
Alto Hospicio,Cecof El Boro,Salitrera Domeyko s/n,-20.2473837,-70.0965504
RIO IBA?EZ,PSR PUERTO IBA?EZ,Arturo Prat s/n,-20.2441837,-70.1409449
Iquique,Cecof Esmeralda,Calle Ferrocarril N¡ã1460,-20.2307033,-70.1356692
Iquique,Cesfam Aguirre,Pasaje 3 Pintados S/N,-20.226299,-70.1346933
Iquique,Vacunatorio Sonrisa Infantil,C¨¦spedes y Gonz¨¢lez 1195,-20.2246601,-70.1437466
Iquique,Clinica Tarapac¨¢,Barros Arana N¡ã1550,-20.2229403,-70.1474744
Iquique,Clinica Red Salud Iquique,calle Bernardo O'Higgins N¡ã103,-20.2172801,-70.1549779
Iquique,Cesfam Videla,Arturo Fern¨¢ndez N¡ã44,-20.2096519,-70.1436735
Huara,Cesfam Dr. Amador Neghme,calle Francisco Saavedra N¡ã44,-19.9956596,-69.7690272
Cami?a,Consultorio General Rural De Cami?a,Calle Caser¨ªo de Cami?a S/N,-19.3110655,-69.4269996
Colchane,Consultorio General Rural de Colchane,Calle Sector de Colchane S/N,-19.276402,-68.639615
Camarones,Posta Rural,Pueblo codpa S/N,-18.8335411,-69.7441969
Arica,Epicentro 1,Pablo Picasso 2150,-18.4937092,-70.2987762
Arica,CEMICH,18 de Septiembre 1315,-18.4839963,-70.3082272
Arica,Clinica San Jose,Dr. Juan Noe 1370,-18.4832586,-70.3067074
Arica,Oficina Comunal del Adulto Mayor,Capit¨¢n Avalos 2449,-18.4813828,-70.2840099
Arica,Fortin Sotomayor,Rafael Sotomayor 600,-18.4813697,-70.3172153
Arica,Epicentro 2,Ginebra 3708,-18.4444268,-70.2963611
Arica,Delegacion Norte de Dideco,Curali 848,-18.4396381,-70.2905548
Arica,Delegacion Municipal San Miguel,Los araucanos S/N.,-18.4301993,-70.2933986
Putre,Cesfam Rural,Baquedano 261,-18.1974162,-69.5571118
General Lagos,Posta Rural,Pueblo visviri S/N,-17.5936592,-69.4807541
La Serena,Cesfam Cardenal Raul Silva Henriquez,La Paz S/N,-33.47008831,-70.53232725
Longav¨ª,Posta El Carmen,El Carmen S/N,-36.09392896,-71.58271403
Los Angeles,Colegio Arturo Alesandri,"Avda. Oriente S/N, Los Angeles",-37.49228878,-72.32742067
